energy,total,integrate
-48.1641,0.0000,0.0000
-48.1444,0.0000,0.0000
-48.1246,0.0000,0.0000
-48.1049,0.0000,0.0000
-48.0851,0.0000,0.0000
-48.0654,0.0000,0.0000
-48.0456,0.0000,0.0000
-48.0259,0.0000,0.0000
-48.0062,0.0000,0.0000
-47.9864,0.0000,0.0000
-47.9667,0.0000,0.0000
-47.9469,0.0000,0.0000
-47.9272,0.0000,0.0000
-47.9074,0.0000,0.0000
-47.8877,0.0000,0.0000
-47.8680,0.0000,0.0000
-47.8482,0.0000,0.0000
-47.8285,0.0000,0.0000
-47.8087,0.0000,0.0000
-47.7890,0.0000,0.0000
-47.7692,0.0000,0.0000
-47.7495,0.0000,0.0000
-47.7297,0.0000,0.0000
-47.7100,0.0000,0.0000
-47.6903,0.0000,0.0000
-47.6705,0.0000,0.0000
-47.6508,0.0000,0.0000
-47.6310,0.0000,0.0000
-47.6113,0.0000,0.0000
-47.5915,0.0000,0.0000
-47.5718,0.0000,0.0000
-47.5520,0.0000,0.0000
-47.5323,0.0000,0.0000
-47.5126,0.0000,0.0000
-47.4928,0.0000,0.0000
-47.4731,0.0000,0.0000
-47.4533,0.0000,0.0000
-47.4336,0.0000,0.0000
-47.4138,0.0000,0.0000
-47.3941,0.0000,0.0000
-47.3744,0.0000,0.0000
-47.3546,0.0000,0.0000
-47.3349,0.0000,0.0000
-47.3151,0.0000,0.0000
-47.2954,0.0000,0.0000
-47.2756,0.0000,0.0000
-47.2559,0.0000,0.0000
-47.2361,0.0000,0.0000
-47.2164,0.0000,0.0000
-47.1967,0.0000,0.0000
-47.1769,0.0000,0.0000
-47.1572,0.0000,0.0000
-47.1374,0.0000,0.0000
-47.1177,0.0000,0.0000
-47.0979,0.0000,0.0000
-47.0782,0.0000,0.0000
-47.0585,0.0000,0.0000
-47.0387,0.0000,0.0000
-47.0190,0.0000,0.0000
-46.9992,0.0000,0.0000
-46.9795,0.0000,0.0000
-46.9597,0.0000,0.0000
-46.9400,0.0000,0.0000
-46.9202,0.0000,0.0000
-46.9005,0.0000,0.0000
-46.8808,0.0000,0.0000
-46.8610,0.0000,0.0000
-46.8413,0.0000,0.0000
-46.8215,0.0000,0.0000
-46.8018,0.0000,0.0000
-46.7820,0.0000,0.0000
-46.7623,0.0000,0.0000
-46.7425,0.0000,0.0000
-46.7228,0.0000,0.0000
-46.7031,0.0000,0.0000
-46.6833,0.0000,0.0000
-46.6636,0.0000,0.0000
-46.6438,0.0000,0.0000
-46.6241,0.0000,0.0000
-46.6043,0.0000,0.0000
-46.5846,0.0000,0.0000
-46.5649,0.0000,0.0000
-46.5451,0.0000,0.0000
-46.5254,0.0000,0.0000
-46.5056,0.0000,0.0000
-46.4859,0.0000,0.0000
-46.4661,0.0000,0.0000
-46.4464,0.0000,0.0000
-46.4266,0.0000,0.0000
-46.4069,0.0000,0.0000
-46.3872,0.0000,0.0000
-46.3674,0.0000,0.0000
-46.3477,0.0000,0.0000
-46.3279,0.0000,0.0000
-46.3082,0.0000,0.0000
-46.2884,0.0000,0.0000
-46.2687,0.0000,0.0000
-46.2490,0.0000,0.0000
-46.2292,0.0000,0.0000
-46.2095,0.0000,0.0000
-46.1897,0.0000,0.0000
-46.1700,0.0000,0.0000
-46.1502,0.0000,0.0000
-46.1305,0.0000,0.0000
-46.1107,0.0000,0.0000
-46.0910,0.0000,0.0000
-46.0713,0.0000,0.0000
-46.0515,0.0000,0.0000
-46.0318,0.0000,0.0000
-46.0120,0.0000,0.0000
-45.9923,0.0000,0.0000
-45.9725,0.0000,0.0000
-45.9528,0.0000,0.0000
-45.9330,0.0000,0.0000
-45.9133,0.0000,0.0000
-45.8936,0.0000,0.0000
-45.8738,0.0000,0.0000
-45.8541,0.0000,0.0000
-45.8343,0.0000,0.0000
-45.8146,0.0000,0.0000
-45.7948,0.0000,0.0000
-45.7751,0.0000,0.0000
-45.7554,0.0000,0.0000
-45.7356,0.0000,0.0000
-45.7159,0.0000,0.0000
-45.6961,0.0000,0.0000
-45.6764,0.0000,0.0000
-45.6566,0.0000,0.0000
-45.6369,0.0000,0.0000
-45.6171,0.0000,0.0000
-45.5974,0.0000,0.0000
-45.5777,0.0000,0.0000
-45.5579,0.0000,0.0000
-45.5382,0.0000,0.0000
-45.5184,0.0000,0.0000
-45.4987,0.0000,0.0000
-45.4789,0.0000,0.0000
-45.4592,0.0000,4.0000
-45.4395,0.0000,4.0000
-45.4197,0.0000,4.0000
-45.4000,0.0000,4.0000
-45.3802,0.0000,4.0000
-45.3605,0.0000,4.0000
-45.3407,0.0000,4.0000
-45.3210,0.0000,4.0000
-45.3012,0.0000,4.0000
-45.2815,0.0000,4.0000
-45.2618,0.0000,4.0000
-45.2420,0.0000,4.0000
-45.2223,0.0000,4.0000
-45.2025,0.0000,4.0000
-45.1828,0.0000,4.0000
-45.1630,0.0000,4.0000
-45.1433,0.0000,4.0000
-45.1235,0.0000,4.0000
-45.1038,0.0000,4.0000
-45.0841,0.0000,4.0000
-45.0643,0.0000,4.0000
-45.0446,0.0000,4.0000
-45.0248,0.0000,4.0000
-45.0051,0.0000,4.0000
-44.9853,0.0000,4.0000
-44.9656,0.0000,4.0000
-44.9459,0.0000,4.0000
-44.9261,0.0000,4.0000
-44.9064,0.0000,4.0000
-44.8866,0.0000,4.0000
-44.8669,0.0000,4.0000
-44.8471,0.0000,4.0000
-44.8274,0.0000,4.0000
-44.8076,0.0000,4.0000
-44.7879,0.0000,4.0000
-44.7682,0.0000,4.0000
-44.7484,0.0000,4.0000
-44.7287,0.0000,4.0000
-44.7089,0.0000,4.0000
-44.6892,0.0000,4.0000
-44.6694,0.0000,4.0000
-44.6497,0.0000,4.0000
-44.6300,0.0000,4.0000
-44.6102,0.0000,4.0000
-44.5905,0.0000,4.0000
-44.5707,0.0000,4.0000
-44.5510,0.0000,4.0000
-44.5312,0.0000,4.0000
-44.5115,0.0000,4.0000
-44.4917,0.0000,4.0000
-44.4720,0.0000,4.0000
-44.4523,0.0000,4.0000
-44.4325,0.0000,4.0000
-44.4128,0.0000,4.0000
-44.3930,0.0000,4.0000
-44.3733,0.0000,4.0000
-44.3535,0.0000,4.0000
-44.3338,0.0000,4.0000
-44.3140,0.0000,4.0000
-44.2943,0.0000,4.0000
-44.2746,0.0000,4.0000
-44.2548,0.0000,4.0000
-44.2351,0.0000,4.0000
-44.2153,0.0000,4.0000
-44.1956,0.0000,4.0000
-44.1758,0.0000,4.0000
-44.1561,0.0000,4.0000
-44.1364,0.0000,4.0000
-44.1166,0.0000,4.0000
-44.0969,0.0000,4.0000
-44.0771,0.0000,4.0000
-44.0574,0.0000,4.0000
-44.0376,0.0000,4.0000
-44.0179,0.0000,4.0000
-43.9981,0.0000,4.0000
-43.9784,0.0000,4.0000
-43.9587,0.0000,4.0000
-43.9389,0.0000,4.0000
-43.9192,0.0000,4.0000
-43.8994,0.0000,4.0000
-43.8797,0.0000,4.0000
-43.8599,0.0000,4.0000
-43.8402,0.0000,4.0000
-43.8205,0.0000,4.0000
-43.8007,0.0000,4.0000
-43.7810,0.0000,4.0000
-43.7612,0.0000,4.0000
-43.7415,0.0000,4.0000
-43.7217,0.0000,4.0000
-43.7020,0.0000,4.0000
-43.6822,0.0000,4.0000
-43.6625,0.0000,4.0000
-43.6428,0.0000,4.0000
-43.6230,0.0000,4.0000
-43.6033,0.0000,4.0000
-43.5835,0.0000,4.0000
-43.5638,0.0000,4.0000
-43.5440,0.0000,4.0000
-43.5243,0.0000,4.0000
-43.5045,0.0000,4.0000
-43.4848,0.0000,4.0000
-43.4651,0.0000,4.0000
-43.4453,0.0000,4.0000
-43.4256,0.0000,4.0000
-43.4058,0.0000,4.0000
-43.3861,0.0000,4.0000
-43.3663,0.0000,4.0000
-43.3466,0.0000,4.0000
-43.3269,0.0000,4.0000
-43.3071,0.0000,4.0000
-43.2874,0.0000,4.0000
-43.2676,0.0000,4.0000
-43.2479,0.0000,4.0000
-43.2281,0.0000,4.0000
-43.2084,0.0000,4.0000
-43.1886,0.0000,4.0000
-43.1689,0.0000,4.0000
-43.1492,0.0000,4.0000
-43.1294,0.0000,4.0000
-43.1097,0.0000,4.0000
-43.0899,0.0000,4.0000
-43.0702,0.0000,4.0000
-43.0504,0.0000,4.0000
-43.0307,0.0000,4.0000
-43.0109,0.0000,4.0000
-42.9912,0.0000,4.0000
-42.9715,0.0000,4.0000
-42.9517,0.0000,4.0000
-42.9320,0.0000,4.0000
-42.9122,0.0000,4.0000
-42.8925,0.0000,4.0000
-42.8727,0.0000,4.0000
-42.8530,0.0000,4.0000
-42.8333,0.0000,4.0000
-42.8135,0.0000,4.0000
-42.7938,0.0000,4.0000
-42.7740,0.0000,4.0000
-42.7543,0.0000,4.0000
-42.7345,0.0000,4.0000
-42.7148,0.0000,4.0000
-42.6950,0.0000,4.0000
-42.6753,0.0000,4.0000
-42.6556,0.0000,4.0000
-42.6358,0.0000,4.0000
-42.6161,0.0000,4.0000
-42.5963,0.0000,4.0000
-42.5766,0.0000,4.0000
-42.5568,0.0000,4.0000
-42.5371,0.0000,4.0000
-42.5174,0.0000,4.0000
-42.4976,0.0000,4.0000
-42.4779,0.0000,4.0000
-42.4581,0.0000,4.0000
-42.4384,0.0000,4.0000
-42.4186,0.0000,4.0000
-42.3989,0.0000,4.0000
-42.3791,0.0000,4.0000
-42.3594,0.0000,4.0000
-42.3397,0.0000,4.0000
-42.3199,0.0000,4.0000
-42.3002,0.0000,4.0000
-42.2804,0.0000,4.0000
-42.2607,0.0000,4.0000
-42.2409,0.0000,4.0000
-42.2212,0.0000,4.0000
-42.2014,0.0000,4.0000
-42.1817,0.0000,4.0000
-42.1620,0.0000,4.0000
-42.1422,0.0000,4.0000
-42.1225,0.0000,4.0000
-42.1027,0.0000,4.0000
-42.0830,0.0000,4.0000
-42.0632,0.0000,4.0000
-42.0435,0.0000,4.0000
-42.0238,0.0000,4.0000
-42.0040,0.0000,4.0000
-41.9843,0.0000,4.0000
-41.9645,0.0000,4.0000
-41.9448,0.0000,4.0000
-41.9250,0.0000,4.0000
-41.9053,0.0000,4.0000
-41.8855,0.0000,4.0000
-41.8658,0.0000,4.0000
-41.8461,0.0000,4.0000
-41.8263,0.0000,4.0000
-41.8066,0.0000,4.0000
-41.7868,0.0000,4.0000
-41.7671,0.0000,4.0000
-41.7473,0.0000,4.0000
-41.7276,0.0000,4.0000
-41.7079,0.0000,4.0000
-41.6881,0.0000,4.0000
-41.6684,0.0000,4.0000
-41.6486,0.0000,4.0000
-41.6289,0.0000,4.0000
-41.6091,0.0000,4.0000
-41.5894,0.0000,4.0000
-41.5696,0.0000,4.0000
-41.5499,0.0000,4.0000
-41.5302,0.0000,4.0000
-41.5104,0.0000,4.0000
-41.4907,0.0000,4.0000
-41.4709,0.0000,4.0000
-41.4512,0.0000,4.0000
-41.4314,0.0000,4.0000
-41.4117,0.0000,4.0000
-41.3919,0.0000,4.0000
-41.3722,0.0000,4.0000
-41.3525,0.0000,4.0000
-41.3327,0.0000,4.0000
-41.3130,0.0000,4.0000
-41.2932,0.0000,4.0000
-41.2735,0.0000,4.0000
-41.2537,0.0000,4.0000
-41.2340,0.0000,4.0000
-41.2143,0.0000,4.0000
-41.1945,0.0000,4.0000
-41.1748,0.0000,4.0000
-41.1550,0.0000,4.0000
-41.1353,0.0000,4.0000
-41.1155,0.0000,4.0000
-41.0958,0.0000,4.0000
-41.0760,0.0000,4.0000
-41.0563,0.0000,4.0000
-41.0366,0.0000,4.0000
-41.0168,0.0000,4.0000
-40.9971,0.0000,4.0000
-40.9773,0.0000,4.0000
-40.9576,0.0000,4.0000
-40.9378,0.0000,4.0000
-40.9181,0.0000,4.0000
-40.8984,0.0000,4.0000
-40.8786,0.0000,4.0000
-40.8589,0.0000,4.0000
-40.8391,0.0000,4.0000
-40.8194,0.0000,4.0000
-40.7996,0.0000,4.0000
-40.7799,0.0000,4.0000
-40.7601,0.0000,4.0000
-40.7404,0.0000,4.0000
-40.7207,0.0000,4.0000
-40.7009,0.0000,4.0000
-40.6812,0.0000,4.0000
-40.6614,0.0000,4.0000
-40.6417,0.0000,4.0000
-40.6219,0.0000,4.0000
-40.6022,0.0000,4.0000
-40.5824,0.0000,4.0000
-40.5627,0.0000,4.0000
-40.5430,0.0000,4.0000
-40.5232,0.0000,4.0000
-40.5035,0.0000,4.0000
-40.4837,0.0000,4.0000
-40.4640,0.0000,4.0000
-40.4442,0.0000,4.0000
-40.4245,0.0000,4.0000
-40.4048,0.0000,4.0000
-40.3850,0.0000,4.0000
-40.3653,0.0000,4.0000
-40.3455,0.0000,4.0000
-40.3258,0.0000,4.0000
-40.3060,0.0000,4.0000
-40.2863,0.0000,4.0000
-40.2665,0.0000,4.0000
-40.2468,0.0000,4.0000
-40.2271,0.0000,4.0000
-40.2073,0.0000,4.0000
-40.1876,0.0000,4.0000
-40.1678,0.0000,4.0000
-40.1481,0.0000,4.0000
-40.1283,0.0000,4.0000
-40.1086,0.0000,4.0000
-40.0889,0.0000,4.0000
-40.0691,0.0000,4.0000
-40.0494,0.0000,4.0000
-40.0296,0.0000,4.0000
-40.0099,0.0000,4.0000
-39.9901,0.0000,4.0000
-39.9704,0.0000,4.0000
-39.9506,0.0000,4.0000
-39.9309,0.0000,4.0000
-39.9112,0.0000,4.0000
-39.8914,0.0000,4.0000
-39.8717,0.0000,4.0000
-39.8519,0.0000,4.0000
-39.8322,0.0000,4.0000
-39.8124,0.0000,4.0000
-39.7927,0.0000,4.0000
-39.7729,0.0000,4.0000
-39.7532,0.0000,4.0000
-39.7335,0.0000,4.0000
-39.7137,0.0000,4.0000
-39.6940,0.0000,4.0000
-39.6742,0.0000,4.0000
-39.6545,0.0000,4.0000
-39.6347,0.0000,4.0000
-39.6150,0.0000,4.0000
-39.5953,0.0000,4.0000
-39.5755,0.0000,4.0000
-39.5558,0.0000,4.0000
-39.5360,0.0000,4.0000
-39.5163,0.0000,4.0000
-39.4965,0.0000,4.0000
-39.4768,0.0000,4.0000
-39.4570,0.0000,4.0000
-39.4373,0.0000,4.0000
-39.4176,0.0000,4.0000
-39.3978,0.0000,4.0000
-39.3781,0.0000,4.0000
-39.3583,0.0000,4.0000
-39.3386,0.0000,4.0000
-39.3188,0.0000,4.0000
-39.2991,0.0000,4.0000
-39.2794,0.0000,4.0000
-39.2596,0.0000,4.0000
-39.2399,0.0000,4.0000
-39.2201,0.0000,4.0000
-39.2004,0.0000,4.0000
-39.1806,0.0000,4.0000
-39.1609,0.0000,4.0000
-39.1411,0.0000,4.0000
-39.1214,0.0000,4.0000
-39.1017,0.0000,4.0000
-39.0819,0.0000,4.0000
-39.0622,0.0000,4.0000
-39.0424,0.0000,4.0000
-39.0227,0.0000,4.0000
-39.0029,0.0000,4.0000
-38.9832,0.0000,4.0000
-38.9634,0.0000,4.0000
-38.9437,0.0000,4.0000
-38.9240,0.0000,4.0000
-38.9042,0.0000,4.0000
-38.8845,0.0000,4.0000
-38.8647,0.0000,4.0000
-38.8450,0.0000,4.0000
-38.8252,0.0000,4.0000
-38.8055,0.0000,4.0000
-38.7858,0.0000,4.0000
-38.7660,0.0000,4.0000
-38.7463,0.0000,4.0000
-38.7265,0.0000,4.0000
-38.7068,0.0000,4.0000
-38.6870,0.0000,4.0000
-38.6673,0.0000,4.0000
-38.6475,0.0000,4.0000
-38.6278,0.0000,4.0000
-38.6081,0.0000,4.0000
-38.5883,0.0000,4.0000
-38.5686,0.0000,4.0000
-38.5488,0.0000,4.0000
-38.5291,0.0000,4.0000
-38.5093,0.0000,4.0000
-38.4896,0.0000,4.0000
-38.4699,0.0000,4.0000
-38.4501,0.0000,4.0000
-38.4304,0.0000,4.0000
-38.4106,0.0000,4.0000
-38.3909,0.0000,4.0000
-38.3711,0.0000,4.0000
-38.3514,0.0000,4.0000
-38.3316,0.0000,4.0000
-38.3119,0.0000,4.0000
-38.2922,0.0000,4.0000
-38.2724,0.0000,4.0000
-38.2527,0.0000,4.0000
-38.2329,0.0000,4.0000
-38.2132,0.0000,4.0000
-38.1934,0.0000,4.0000
-38.1737,0.0000,4.0000
-38.1539,0.0000,4.0000
-38.1342,0.0000,4.0000
-38.1145,0.0000,4.0000
-38.0947,0.0000,4.0000
-38.0750,0.0000,4.0000
-38.0552,0.0000,4.0000
-38.0355,0.0000,4.0000
-38.0157,0.0000,4.0000
-37.9960,0.0000,4.0000
-37.9763,0.0000,4.0000
-37.9565,0.0000,4.0000
-37.9368,0.0000,4.0000
-37.9170,0.0000,4.0000
-37.8973,0.0000,4.0000
-37.8775,0.0000,4.0000
-37.8578,0.0000,4.0000
-37.8380,0.0000,4.0000
-37.8183,0.0000,4.0000
-37.7986,0.0000,4.0000
-37.7788,0.0000,4.0000
-37.7591,0.0000,4.0000
-37.7393,0.0000,4.0000
-37.7196,0.0000,4.0000
-37.6998,0.0000,4.0000
-37.6801,0.0000,4.0000
-37.6603,0.0000,4.0000
-37.6406,0.0000,4.0000
-37.6209,0.0000,4.0000
-37.6011,0.0000,4.0000
-37.5814,0.0000,4.0000
-37.5616,0.0000,4.0000
-37.5419,0.0000,4.0000
-37.5221,0.0000,4.0000
-37.5024,0.0000,4.0000
-37.4827,0.0000,4.0000
-37.4629,0.0000,4.0000
-37.4432,0.0000,4.0000
-37.4234,0.0000,4.0000
-37.4037,0.0000,4.0000
-37.3839,0.0000,4.0000
-37.3642,0.0000,4.0000
-37.3444,0.0000,4.0000
-37.3247,0.0000,4.0000
-37.3050,0.0000,4.0000
-37.2852,0.0000,4.0000
-37.2655,0.0000,4.0000
-37.2457,0.0000,4.0000
-37.2260,0.0000,4.0000
-37.2062,0.0000,4.0000
-37.1865,0.0000,4.0000
-37.1668,0.0000,4.0000
-37.1470,0.0000,4.0000
-37.1273,0.0000,4.0000
-37.1075,0.0000,4.0000
-37.0878,0.0000,4.0000
-37.0680,0.0000,4.0000
-37.0483,0.0000,4.0000
-37.0285,0.0000,4.0000
-37.0088,0.0000,4.0000
-36.9891,0.0000,4.0000
-36.9693,0.0000,4.0000
-36.9496,0.0000,4.0000
-36.9298,0.0000,4.0000
-36.9101,0.0000,4.0000
-36.8903,0.0000,4.0000
-36.8706,0.0000,4.0000
-36.8508,0.0000,4.0000
-36.8311,0.0000,4.0000
-36.8114,0.0000,4.0000
-36.7916,0.0000,4.0000
-36.7719,0.0000,4.0000
-36.7521,0.0000,4.0000
-36.7324,0.0000,4.0000
-36.7126,0.0000,4.0000
-36.6929,0.0000,4.0000
-36.6732,0.0000,4.0000
-36.6534,0.0000,4.0000
-36.6337,0.0000,4.0000
-36.6139,0.0000,4.0000
-36.5942,0.0000,4.0000
-36.5744,0.0000,4.0000
-36.5547,0.0000,4.0000
-36.5349,0.0000,4.0000
-36.5152,0.0000,4.0000
-36.4955,0.0000,4.0000
-36.4757,0.0000,4.0000
-36.4560,0.0000,4.0000
-36.4362,0.0000,4.0000
-36.4165,0.0000,4.0000
-36.3967,0.0000,4.0000
-36.3770,0.0000,4.0000
-36.3573,0.0000,4.0000
-36.3375,0.0000,4.0000
-36.3178,0.0000,4.0000
-36.2980,0.0000,4.0000
-36.2783,0.0000,4.0000
-36.2585,0.0000,4.0000
-36.2388,0.0000,4.0000
-36.2190,0.0000,4.0000
-36.1993,0.0000,4.0000
-36.1796,0.0000,4.0000
-36.1598,0.0000,4.0000
-36.1401,0.0000,4.0000
-36.1203,0.0000,4.0000
-36.1006,0.0000,4.0000
-36.0808,0.0000,4.0000
-36.0611,0.0000,4.0000
-36.0413,0.0000,4.0000
-36.0216,0.0000,4.0000
-36.0019,0.0000,4.0000
-35.9821,0.0000,4.0000
-35.9624,0.0000,4.0000
-35.9426,0.0000,4.0000
-35.9229,0.0000,4.0000
-35.9031,0.0000,4.0000
-35.8834,0.0000,4.0000
-35.8637,0.0000,4.0000
-35.8439,0.0000,4.0000
-35.8242,0.0000,4.0000
-35.8044,0.0000,4.0000
-35.7847,0.0000,4.0000
-35.7649,0.0000,4.0000
-35.7452,0.0000,4.0000
-35.7254,0.0000,4.0000
-35.7057,0.0000,4.0000
-35.6860,0.0000,4.0000
-35.6662,0.0000,4.0000
-35.6465,0.0000,4.0000
-35.6267,0.0000,4.0000
-35.6070,0.0000,4.0000
-35.5872,0.0000,4.0000
-35.5675,0.0000,4.0000
-35.5478,0.0000,4.0000
-35.5280,0.0000,4.0000
-35.5083,0.0000,4.0000
-35.4885,0.0000,4.0000
-35.4688,0.0000,4.0000
-35.4490,0.0000,4.0000
-35.4293,0.0000,4.0000
-35.4095,0.0000,4.0000
-35.3898,0.0000,4.0000
-35.3701,0.0000,4.0000
-35.3503,0.0000,4.0000
-35.3306,0.0000,4.0000
-35.3108,0.0000,4.0000
-35.2911,0.0000,4.0000
-35.2713,0.0000,4.0000
-35.2516,0.0000,4.0000
-35.2318,0.0000,4.0000
-35.2121,0.0000,4.0000
-35.1924,0.0000,4.0000
-35.1726,0.0000,4.0000
-35.1529,0.0000,4.0000
-35.1331,0.0000,4.0000
-35.1134,0.0000,4.0000
-35.0936,0.0000,4.0000
-35.0739,0.0000,4.0000
-35.0542,0.0000,4.0000
-35.0344,0.0000,4.0000
-35.0147,0.0000,4.0000
-34.9949,0.0000,4.0000
-34.9752,0.0000,4.0000
-34.9554,0.0000,4.0000
-34.9357,0.0000,4.0000
-34.9159,0.0000,4.0000
-34.8962,0.0000,4.0000
-34.8765,0.0000,4.0000
-34.8567,0.0000,4.0000
-34.8370,0.0000,4.0000
-34.8172,0.0000,4.0000
-34.7975,0.0000,4.0000
-34.7777,0.0000,4.0000
-34.7580,0.0000,4.0000
-34.7383,0.0000,4.0000
-34.7185,0.0000,4.0000
-34.6988,0.0000,4.0000
-34.6790,0.0000,4.0000
-34.6593,0.0000,4.0000
-34.6395,0.0000,4.0000
-34.6198,0.0000,4.0000
-34.6000,0.0000,4.0000
-34.5803,0.0000,4.0000
-34.5606,0.0000,4.0000
-34.5408,0.0000,4.0000
-34.5211,0.0000,4.0000
-34.5013,0.0000,4.0000
-34.4816,0.0000,4.0000
-34.4618,0.0000,4.0000
-34.4421,0.0000,4.0000
-34.4223,0.0000,4.0000
-34.4026,0.0000,4.0000
-34.3829,0.0000,4.0000
-34.3631,0.0000,4.0000
-34.3434,0.0000,4.0000
-34.3236,0.0000,4.0000
-34.3039,0.0000,4.0000
-34.2841,0.0000,4.0000
-34.2644,0.0000,4.0000
-34.2447,0.0000,4.0000
-34.2249,0.0000,4.0000
-34.2052,0.0000,4.0000
-34.1854,0.0000,4.0000
-34.1657,0.0000,4.0000
-34.1459,0.0000,4.0000
-34.1262,0.0000,4.0000
-34.1064,0.0000,4.0000
-34.0867,0.0000,4.0000
-34.0670,0.0000,4.0000
-34.0472,0.0000,4.0000
-34.0275,0.0000,4.0000
-34.0077,0.0000,4.0000
-33.9880,0.0000,4.0000
-33.9682,0.0000,4.0000
-33.9485,0.0000,4.0000
-33.9288,0.0000,4.0000
-33.9090,0.0000,4.0000
-33.8893,0.0000,4.0000
-33.8695,0.0000,4.0000
-33.8498,0.0000,4.0000
-33.8300,0.0000,4.0000
-33.8103,0.0000,4.0000
-33.7905,0.0000,4.0000
-33.7708,0.0000,4.0000
-33.7511,0.0000,4.0000
-33.7313,0.0000,4.0000
-33.7116,0.0000,4.0000
-33.6918,0.0000,4.0000
-33.6721,0.0000,4.0000
-33.6523,0.0000,4.0000
-33.6326,0.0000,4.0000
-33.6128,0.0000,4.0000
-33.5931,0.0000,4.0000
-33.5734,0.0000,4.0000
-33.5536,0.0000,4.0000
-33.5339,0.0000,4.0000
-33.5141,0.0000,4.0000
-33.4944,0.0000,4.0000
-33.4746,0.0000,4.0000
-33.4549,0.0000,4.0000
-33.4352,0.0000,4.0000
-33.4154,0.0000,4.0000
-33.3957,0.0000,4.0000
-33.3759,0.0000,4.0000
-33.3562,0.0000,4.0000
-33.3364,0.0000,4.0000
-33.3167,0.0000,4.0000
-33.2969,0.0000,4.0000
-33.2772,0.0000,4.0000
-33.2575,0.0000,4.0000
-33.2377,0.0000,4.0000
-33.2180,0.0000,4.0000
-33.1982,0.0000,4.0000
-33.1785,0.0000,4.0000
-33.1587,0.0000,4.0000
-33.1390,0.0000,4.0000
-33.1192,0.0000,4.0000
-33.0995,0.0000,4.0000
-33.0798,0.0000,4.0000
-33.0600,0.0000,4.0000
-33.0403,0.0000,4.0000
-33.0205,0.0000,4.0000
-33.0008,0.0000,4.0000
-32.9810,0.0000,4.0000
-32.9613,0.0000,4.0000
-32.9416,0.0000,4.0000
-32.9218,0.0000,4.0000
-32.9021,0.0000,4.0000
-32.8823,0.0000,4.0000
-32.8626,0.0000,4.0000
-32.8428,0.0000,4.0000
-32.8231,0.0000,4.0000
-32.8033,0.0000,4.0000
-32.7836,0.0000,4.0000
-32.7639,0.0000,4.0000
-32.7441,0.0000,4.0000
-32.7244,0.0000,4.0000
-32.7046,0.0000,4.0000
-32.6849,0.0000,4.0000
-32.6651,0.0000,4.0000
-32.6454,0.0000,4.0000
-32.6257,0.0000,4.0000
-32.6059,0.0000,4.0000
-32.5862,0.0000,4.0000
-32.5664,0.0000,4.0000
-32.5467,0.0000,4.0000
-32.5269,0.0000,4.0000
-32.5072,0.0000,4.0000
-32.4874,0.0000,4.0000
-32.4677,0.0000,4.0000
-32.4480,0.0000,4.0000
-32.4282,0.0000,4.0000
-32.4085,0.0000,4.0000
-32.3887,0.0000,4.0000
-32.3690,0.0000,4.0000
-32.3492,0.0000,4.0000
-32.3295,0.0000,4.0000
-32.3097,0.0000,4.0000
-32.2900,0.0000,4.0000
-32.2703,0.0000,4.0000
-32.2505,0.0000,4.0000
-32.2308,0.0000,4.0000
-32.2110,0.0000,4.0000
-32.1913,0.0000,4.0000
-32.1715,0.0000,4.0000
-32.1518,0.0000,4.0000
-32.1321,0.0000,4.0000
-32.1123,0.0000,4.0000
-32.0926,0.0000,4.0000
-32.0728,0.0000,4.0000
-32.0531,0.0000,4.0000
-32.0333,0.0000,4.0000
-32.0136,0.0000,4.0000
-31.9938,0.0000,4.0000
-31.9741,0.0000,4.0000
-31.9544,0.0000,4.0000
-31.9346,0.0000,4.0000
-31.9149,0.0000,4.0000
-31.8951,0.0000,4.0000
-31.8754,0.0000,4.0000
-31.8556,0.0000,4.0000
-31.8359,0.0000,4.0000
-31.8162,0.0000,4.0000
-31.7964,0.0000,4.0000
-31.7767,0.0000,4.0000
-31.7569,0.0000,4.0000
-31.7372,0.0000,4.0000
-31.7174,0.0000,4.0000
-31.6977,0.0000,4.0000
-31.6779,0.0000,4.0000
-31.6582,0.0000,4.0000
-31.6385,0.0000,4.0000
-31.6187,0.0000,4.0000
-31.5990,0.0000,4.0000
-31.5792,0.0000,4.0000
-31.5595,0.0000,4.0000
-31.5397,0.0000,4.0000
-31.5200,0.0000,4.0000
-31.5002,0.0000,4.0000
-31.4805,0.0000,4.0000
-31.4608,0.0000,4.0000
-31.4410,0.0000,4.0000
-31.4213,0.0000,4.0000
-31.4015,0.0000,4.0000
-31.3818,0.0000,4.0000
-31.3620,0.0000,4.0000
-31.3423,0.0000,4.0000
-31.3226,0.0000,4.0000
-31.3028,0.0000,4.0000
-31.2831,0.0000,4.0000
-31.2633,0.0000,4.0000
-31.2436,0.0000,4.0000
-31.2238,0.0000,4.0000
-31.2041,0.0000,4.0000
-31.1843,0.0000,4.0000
-31.1646,0.0000,4.0000
-31.1449,0.0000,4.0000
-31.1251,0.0000,4.0000
-31.1054,0.0000,4.0000
-31.0856,0.0000,4.0000
-31.0659,0.0000,4.0000
-31.0461,0.0000,4.0000
-31.0264,0.0000,4.0000
-31.0067,0.0000,4.0000
-30.9869,0.0000,4.0000
-30.9672,0.0000,4.0000
-30.9474,0.0000,4.0000
-30.9277,0.0000,4.0000
-30.9079,0.0000,4.0000
-30.8882,0.0000,4.0000
-30.8684,0.0000,4.0000
-30.8487,0.0000,4.0000
-30.8290,0.0000,4.0000
-30.8092,0.0000,4.0000
-30.7895,0.0000,4.0000
-30.7697,0.0000,4.0000
-30.7500,0.0000,4.0000
-30.7302,0.0000,4.0000
-30.7105,0.0000,4.0000
-30.6907,0.0000,4.0000
-30.6710,0.0000,4.0000
-30.6513,0.0000,4.0000
-30.6315,0.0000,4.0000
-30.6118,0.0000,4.0000
-30.5920,0.0000,4.0000
-30.5723,0.0000,4.0000
-30.5525,0.0000,4.0000
-30.5328,0.0000,4.0000
-30.5131,0.0000,4.0000
-30.4933,0.0000,4.0000
-30.4736,0.0000,4.0000
-30.4538,0.0000,4.0000
-30.4341,0.0000,4.0000
-30.4143,0.0000,4.0000
-30.3946,0.0000,4.0000
-30.3748,0.0000,4.0000
-30.3551,0.0000,4.0000
-30.3354,0.0000,4.0000
-30.3156,0.0000,4.0000
-30.2959,0.0000,4.0000
-30.2761,0.0000,4.0000
-30.2564,0.0000,4.0000
-30.2366,0.0000,4.0000
-30.2169,0.0000,4.0000
-30.1972,0.0000,4.0000
-30.1774,0.0000,4.0000
-30.1577,0.0000,4.0000
-30.1379,0.0000,4.0000
-30.1182,0.0000,4.0000
-30.0984,0.0000,4.0000
-30.0787,0.0000,4.0000
-30.0589,0.0000,4.0000
-30.0392,0.0000,4.0000
-30.0195,0.0000,4.0000
-29.9997,0.0000,4.0000
-29.9800,0.0000,4.0000
-29.9602,0.0000,4.0000
-29.9405,0.0000,4.0000
-29.9207,0.0000,4.0000
-29.9010,0.0000,4.0000
-29.8812,0.0000,4.0000
-29.8615,0.0000,4.0000
-29.8418,0.0000,4.0000
-29.8220,0.0000,4.0000
-29.8023,0.0000,4.0000
-29.7825,0.0000,4.0000
-29.7628,0.0000,4.0000
-29.7430,0.0000,4.0000
-29.7233,0.0000,4.0000
-29.7036,0.0000,4.0000
-29.6838,0.0000,4.0000
-29.6641,0.0000,4.0000
-29.6443,0.0000,4.0000
-29.6246,0.0000,4.0000
-29.6048,0.0000,4.0000
-29.5851,0.0000,4.0000
-29.5653,0.0000,4.0000
-29.5456,0.0000,4.0000
-29.5259,0.0000,4.0000
-29.5061,0.0000,4.0000
-29.4864,0.0000,4.0000
-29.4666,0.0000,4.0000
-29.4469,0.0000,4.0000
-29.4271,0.0000,4.0000
-29.4074,0.0000,4.0000
-29.3877,0.0000,4.0000
-29.3679,0.0000,4.0000
-29.3482,0.0000,4.0000
-29.3284,0.0000,4.0000
-29.3087,0.0000,4.0000
-29.2889,0.0000,4.0000
-29.2692,0.0000,4.0000
-29.2494,0.0000,4.0000
-29.2297,0.0000,4.0000
-29.2100,0.0000,4.0000
-29.1902,0.0000,4.0000
-29.1705,0.0000,4.0000
-29.1507,0.0000,4.0000
-29.1310,0.0000,4.0000
-29.1112,0.0000,4.0000
-29.0915,0.0000,4.0000
-29.0717,0.0000,4.0000
-29.0520,0.0000,4.0000
-29.0323,0.0000,4.0000
-29.0125,0.0000,4.0000
-28.9928,0.0000,4.0000
-28.9730,0.0000,4.0000
-28.9533,0.0000,4.0000
-28.9335,0.0000,4.0000
-28.9138,0.0000,4.0000
-28.8941,0.0000,4.0000
-28.8743,0.0000,4.0000
-28.8546,0.0000,4.0000
-28.8348,0.0000,4.0000
-28.8151,0.0000,4.0000
-28.7953,0.0000,4.0000
-28.7756,0.0000,4.0000
-28.7558,0.0000,4.0000
-28.7361,0.0000,4.0000
-28.7164,0.0000,4.0000
-28.6966,0.0000,4.0000
-28.6769,0.0000,4.0000
-28.6571,0.0000,4.0000
-28.6374,0.0000,4.0000
-28.6176,0.0000,4.0000
-28.5979,0.0000,4.0000
-28.5781,0.0000,4.0000
-28.5584,0.0000,4.0000
-28.5387,0.0000,4.0000
-28.5189,0.0000,4.0000
-28.4992,0.0000,4.0000
-28.4794,0.0000,4.0000
-28.4597,0.0000,4.0000
-28.4399,0.0000,4.0000
-28.4202,0.0000,4.0000
-28.4005,0.0000,4.0000
-28.3807,0.0000,4.0000
-28.3610,0.0000,4.0000
-28.3412,0.0000,4.0000
-28.3215,0.0000,4.0000
-28.3017,0.0000,4.0000
-28.2820,0.0000,4.0000
-28.2622,0.0000,4.0000
-28.2425,0.0000,4.0000
-28.2228,0.0000,4.0000
-28.2030,0.0000,4.0000
-28.1833,0.0000,4.0000
-28.1635,0.0000,4.0000
-28.1438,0.0000,4.0000
-28.1240,0.0000,4.0000
-28.1043,0.0000,4.0000
-28.0846,0.0000,4.0000
-28.0648,0.0000,4.0000
-28.0451,0.0000,4.0000
-28.0253,0.0000,4.0000
-28.0056,0.0000,4.0000
-27.9858,0.0000,4.0000
-27.9661,0.0000,4.0000
-27.9463,0.0000,4.0000
-27.9266,0.0000,4.0000
-27.9069,0.0000,4.0000
-27.8871,0.0000,4.0000
-27.8674,0.0000,4.0000
-27.8476,0.0000,4.0000
-27.8279,0.0000,4.0000
-27.8081,0.0000,4.0000
-27.7884,0.0000,4.0000
-27.7686,0.0000,4.0000
-27.7489,0.0000,4.0000
-27.7292,0.0000,4.0000
-27.7094,0.0000,4.0000
-27.6897,0.0000,4.0000
-27.6699,0.0000,4.0000
-27.6502,0.0000,4.0000
-27.6304,0.0000,4.0000
-27.6107,0.0000,4.0000
-27.5910,0.0000,4.0000
-27.5712,0.0000,4.0000
-27.5515,0.0000,4.0000
-27.5317,0.0000,4.0000
-27.5120,0.0000,4.0000
-27.4922,0.0000,4.0000
-27.4725,0.0000,4.0000
-27.4527,0.0000,4.0000
-27.4330,0.0000,4.0000
-27.4133,0.0000,4.0000
-27.3935,0.0000,4.0000
-27.3738,0.0000,4.0000
-27.3540,0.0000,4.0000
-27.3343,0.0000,4.0000
-27.3145,0.0000,4.0000
-27.2948,0.0000,4.0000
-27.2751,0.0000,4.0000
-27.2553,0.0000,4.0000
-27.2356,0.0000,4.0000
-27.2158,0.0000,4.0000
-27.1961,0.0000,4.0000
-27.1763,0.0000,4.0000
-27.1566,0.0000,4.0000
-27.1368,0.0000,4.0000
-27.1171,0.0000,4.0000
-27.0974,0.0000,4.0000
-27.0776,0.0000,4.0000
-27.0579,0.0000,4.0000
-27.0381,0.0000,4.0000
-27.0184,0.0000,4.0000
-26.9986,0.0000,4.0000
-26.9789,0.0000,4.0000
-26.9591,0.0000,4.0000
-26.9394,0.0000,4.0000
-26.9197,0.0000,4.0000
-26.8999,0.0000,4.0000
-26.8802,0.0000,4.0000
-26.8604,0.0000,4.0000
-26.8407,0.0000,4.0000
-26.8209,0.0000,4.0000
-26.8012,0.0000,4.0000
-26.7815,0.0000,4.0000
-26.7617,0.0000,4.0000
-26.7420,0.0000,4.0000
-26.7222,0.0000,4.0000
-26.7025,0.0000,4.0000
-26.6827,0.0000,4.0000
-26.6630,0.0000,4.0000
-26.6432,0.0000,4.0000
-26.6235,0.0000,4.0000
-26.6038,0.0000,4.0000
-26.5840,0.0000,4.0000
-26.5643,0.0000,4.0000
-26.5445,0.0000,4.0000
-26.5248,0.0000,4.0000
-26.5050,0.0000,4.0000
-26.4853,0.0000,4.0000
-26.4656,0.0000,4.0000
-26.4458,0.0000,4.0000
-26.4261,0.0000,4.0000
-26.4063,0.0000,4.0000
-26.3866,0.0000,4.0000
-26.3668,0.0000,4.0000
-26.3471,0.0000,4.0000
-26.3273,0.0000,4.0000
-26.3076,0.0000,4.0000
-26.2879,0.0000,4.0000
-26.2681,0.0000,4.0000
-26.2484,0.0000,4.0000
-26.2286,0.0000,4.0000
-26.2089,0.0000,4.0000
-26.1891,0.0000,4.0000
-26.1694,0.0000,4.0000
-26.1496,0.0000,4.0000
-26.1299,0.0000,4.0000
-26.1102,0.0000,4.0000
-26.0904,0.0000,4.0000
-26.0707,0.0000,4.0000
-26.0509,0.0000,4.0000
-26.0312,0.0000,4.0000
-26.0114,0.0000,4.0000
-25.9917,0.0000,4.0000
-25.9720,0.0000,4.0000
-25.9522,0.0000,4.0000
-25.9325,0.0000,4.0000
-25.9127,0.0000,4.0000
-25.8930,0.0000,4.0000
-25.8732,0.0000,4.0000
-25.8535,0.0000,4.0000
-25.8337,0.0000,4.0000
-25.8140,0.0000,4.0000
-25.7943,0.0000,4.0000
-25.7745,0.0000,4.0000
-25.7548,0.0000,4.0000
-25.7350,0.0000,4.0000
-25.7153,0.0000,4.0000
-25.6955,0.0000,4.0000
-25.6758,0.0000,4.0000
-25.6561,0.0000,4.0000
-25.6363,0.0000,4.0000
-25.6166,0.0000,4.0000
-25.5968,0.0000,4.0000
-25.5771,0.0000,4.0000
-25.5573,0.0000,4.0000
-25.5376,0.0000,4.0000
-25.5178,0.0000,4.0000
-25.4981,0.0000,4.0000
-25.4784,0.0000,4.0000
-25.4586,0.0000,4.0000
-25.4389,0.0000,4.0000
-25.4191,0.0000,4.0000
-25.3994,0.0000,4.0000
-25.3796,0.0000,4.0000
-25.3599,0.0000,4.0000
-25.3401,0.0000,4.0000
-25.3204,0.0000,4.0000
-25.3007,0.0000,4.0000
-25.2809,0.0000,4.0000
-25.2612,0.0000,4.0000
-25.2414,0.0000,4.0000
-25.2217,0.0000,4.0000
-25.2019,0.0000,4.0000
-25.1822,0.0000,4.0000
-25.1625,0.0000,4.0000
-25.1427,0.0000,4.0000
-25.1230,0.0000,4.0000
-25.1032,0.0000,4.0000
-25.0835,0.0000,4.0000
-25.0637,0.0000,4.0000
-25.0440,0.0000,4.0000
-25.0242,0.0000,4.0000
-25.0045,0.0000,4.0000
-24.9848,0.0000,4.0000
-24.9650,0.0000,4.0000
-24.9453,0.0000,4.0000
-24.9255,0.0000,4.0000
-24.9058,0.0000,4.0000
-24.8860,0.0000,4.0000
-24.8663,0.0000,4.0000
-24.8466,0.0000,4.0000
-24.8268,0.0000,4.0000
-24.8071,0.0000,4.0000
-24.7873,0.0000,4.0000
-24.7676,0.0000,4.0000
-24.7478,0.0000,4.0000
-24.7281,0.0000,4.0000
-24.7083,0.0000,4.0000
-24.6886,0.0000,4.0000
-24.6689,0.0000,4.0000
-24.6491,0.0000,4.0000
-24.6294,0.0000,4.0000
-24.6096,0.0000,4.0000
-24.5899,0.0000,4.0000
-24.5701,0.0000,4.0000
-24.5504,0.0000,4.0000
-24.5306,0.0000,4.0000
-24.5109,0.0000,4.0000
-24.4912,0.0000,4.0000
-24.4714,0.0000,4.0000
-24.4517,0.0000,4.0000
-24.4319,0.0000,4.0000
-24.4122,0.0000,4.0000
-24.3924,0.0000,4.0000
-24.3727,0.0000,4.0000
-24.3530,0.0000,4.0000
-24.3332,0.0000,4.0000
-24.3135,0.0000,4.0000
-24.2937,0.0000,4.0000
-24.2740,0.0000,4.0000
-24.2542,0.0000,4.0000
-24.2345,0.0000,4.0000
-24.2147,0.0000,4.0000
-24.1950,0.0000,4.0000
-24.1753,0.0000,4.0000
-24.1555,0.0000,4.0000
-24.1358,0.0000,4.0000
-24.1160,0.0000,4.0000
-24.0963,0.0000,4.0000
-24.0765,0.0000,4.0000
-24.0568,0.0000,4.0000
-24.0370,0.0000,4.0000
-24.0173,0.0000,4.0000
-23.9976,0.0000,4.0000
-23.9778,0.0000,4.0000
-23.9581,0.0000,4.0000
-23.9383,0.0000,4.0000
-23.9186,0.0000,4.0000
-23.8988,0.0000,4.0000
-23.8791,0.0000,4.0000
-23.8594,0.0000,4.0000
-23.8396,0.0000,4.0000
-23.8199,0.0000,4.0000
-23.8001,0.0000,4.0000
-23.7804,0.0000,4.0000
-23.7606,0.0000,4.0000
-23.7409,0.0000,4.0000
-23.7211,0.0000,4.0000
-23.7014,0.0000,4.0000
-23.6817,160.2495,6.9641
-23.6619,150.8060,10.3243
-23.6422,0.0000,12.0000
-23.6224,0.0000,12.0000
-23.6027,0.0000,12.0000
-23.5829,0.0000,12.0000
-23.5632,0.0000,12.0000
-23.5435,359.9456,14.3367
-23.5237,0.0000,20.0000
-23.5040,0.0000,20.0000
-23.4842,0.0000,20.0000
-23.4645,0.0000,24.0000
-23.4447,0.0000,24.0000
-23.4250,0.0000,24.0000
-23.4052,0.0000,24.0000
-23.3855,0.0000,24.0000
-23.3658,0.0000,24.0000
-23.3460,0.0000,24.0000
-23.3263,0.0000,24.0000
-23.3065,0.0000,24.0000
-23.2868,0.0000,24.0000
-23.2670,0.0000,24.0000
-23.2473,0.0000,24.0000
-23.2275,0.0000,24.0000
-23.2078,0.0000,24.0000
-23.1881,0.0000,24.0000
-23.1683,0.0000,24.0000
-23.1486,0.0000,24.0000
-23.1288,0.0000,24.0000
-23.1091,0.0000,24.0000
-23.0893,0.0000,24.0000
-23.0696,0.0000,24.0000
-23.0499,0.0000,24.0000
-23.0301,0.0000,24.0000
-23.0104,0.0000,24.0000
-22.9906,0.0000,24.0000
-22.9709,0.0000,24.0000
-22.9511,0.0000,24.0000
-22.9314,0.0000,24.0000
-22.9116,0.0000,24.0000
-22.8919,0.0000,24.0000
-22.8722,0.0000,24.0000
-22.8524,0.0000,24.0000
-22.8327,0.0000,24.0000
-22.8129,0.0000,24.0000
-22.7932,0.0000,24.0000
-22.7734,0.0000,24.0000
-22.7537,0.0000,24.0000
-22.7340,0.0000,24.0000
-22.7142,0.0000,24.0000
-22.6945,0.0000,24.0000
-22.6747,0.0000,24.0000
-22.6550,0.0000,24.0000
-22.6352,0.0000,24.0000
-22.6155,0.0000,24.0000
-22.5957,0.0000,24.0000
-22.5760,0.0000,24.0000
-22.5563,0.0000,24.0000
-22.5365,0.0000,24.0000
-22.5168,0.0000,24.0000
-22.4970,0.0000,24.0000
-22.4773,0.0000,24.0000
-22.4575,0.0000,24.0000
-22.4378,0.0000,24.0000
-22.4180,0.0000,24.0000
-22.3983,0.0000,24.0000
-22.3786,0.0000,24.0000
-22.3588,0.0000,24.0000
-22.3391,0.0000,24.0000
-22.3193,0.0000,24.0000
-22.2996,0.0000,24.0000
-22.2798,0.0000,24.0000
-22.2601,0.0000,24.0000
-22.2404,0.0000,24.0000
-22.2206,0.0000,24.0000
-22.2009,0.0000,24.0000
-22.1811,0.0000,24.0000
-22.1614,0.0000,24.0000
-22.1416,0.0000,24.0000
-22.1219,0.0000,24.0000
-22.1021,0.0000,24.0000
-22.0824,0.0000,24.0000
-22.0627,0.0000,24.0000
-22.0429,0.0000,24.0000
-22.0232,0.0000,24.0000
-22.0034,0.0000,24.0000
-21.9837,0.0000,24.0000
-21.9639,0.0000,24.0000
-21.9442,0.0000,24.0000
-21.9245,0.0000,24.0000
-21.9047,0.0000,24.0000
-21.8850,0.0000,24.0000
-21.8652,0.0000,24.0000
-21.8455,0.0000,24.0000
-21.8257,0.0000,24.0000
-21.8060,0.0000,24.0000
-21.7862,0.0000,24.0000
-21.7665,0.0000,24.0000
-21.7468,0.0000,24.0000
-21.7270,0.0000,24.0000
-21.7073,0.0000,24.0000
-21.6875,0.0000,24.0000
-21.6678,0.0000,24.0000
-21.6480,0.0000,24.0000
-21.6283,0.0000,24.0000
-21.6085,0.0000,24.0000
-21.5888,0.0000,24.0000
-21.5691,0.0000,24.0000
-21.5493,0.0000,24.0000
-21.5296,0.0000,24.0000
-21.5098,0.0000,24.0000
-21.4901,0.0000,24.0000
-21.4703,0.0000,24.0000
-21.4506,0.0000,24.0000
-21.4309,0.0000,24.0000
-21.4111,0.0000,24.0000
-21.3914,0.0000,24.0000
-21.3716,0.0000,24.0000
-21.3519,0.0000,24.0000
-21.3321,0.0000,24.0000
-21.3124,0.0000,24.0000
-21.2926,0.0000,24.0000
-21.2729,0.0000,24.0000
-21.2532,0.0000,24.0000
-21.2334,0.0000,24.0000
-21.2137,0.0000,24.0000
-21.1939,0.0000,24.0000
-21.1742,0.0000,24.0000
-21.1544,0.0000,24.0000
-21.1347,0.0000,24.0000
-21.1150,0.0000,24.0000
-21.0952,0.0000,24.0000
-21.0755,0.0000,24.0000
-21.0557,0.0000,24.0000
-21.0360,0.0000,24.0000
-21.0162,0.0000,24.0000
-20.9965,0.0000,24.0000
-20.9767,0.0000,24.0000
-20.9570,0.0000,24.0000
-20.9373,0.0000,24.0000
-20.9175,0.0000,24.0000
-20.8978,0.0000,24.0000
-20.8780,0.0000,24.0000
-20.8583,0.0000,24.0000
-20.8385,0.0000,24.0000
-20.8188,0.0000,24.0000
-20.7990,0.0000,24.0000
-20.7793,0.0000,24.0000
-20.7596,0.0000,24.0000
-20.7398,0.0000,24.0000
-20.7201,0.0000,24.0000
-20.7003,0.0000,24.0000
-20.6806,0.0000,24.0000
-20.6608,0.0000,24.0000
-20.6411,0.0000,24.0000
-20.6214,0.0000,24.0000
-20.6016,0.0000,24.0000
-20.5819,0.0000,24.0000
-20.5621,0.0000,24.0000
-20.5424,0.0000,24.0000
-20.5226,0.0000,24.0000
-20.5029,0.0000,24.0000
-20.4831,0.0000,24.0000
-20.4634,0.0000,24.0000
-20.4437,0.0000,24.0000
-20.4239,0.0000,24.0000
-20.4042,0.0000,24.0000
-20.3844,0.0000,24.0000
-20.3647,0.0000,24.0000
-20.3449,0.0000,24.0000
-20.3252,0.0000,24.0000
-20.3055,0.0000,24.0000
-20.2857,0.0000,24.0000
-20.2660,0.0000,24.0000
-20.2462,0.0000,24.0000
-20.2265,0.0000,24.0000
-20.2067,0.0000,24.0000
-20.1870,0.0000,24.0000
-20.1672,0.0000,24.0000
-20.1475,0.0000,24.0000
-20.1278,0.0000,24.0000
-20.1080,0.0000,24.0000
-20.0883,0.0000,24.0000
-20.0685,0.0000,24.0000
-20.0488,0.0000,24.0000
-20.0290,0.0000,24.0000
-20.0093,0.0000,24.0000
-19.9895,0.0000,24.0000
-19.9698,0.0000,24.0000
-19.9501,0.0000,24.0000
-19.9303,0.0000,24.0000
-19.9106,0.0000,24.0000
-19.8908,0.0000,24.0000
-19.8711,0.0000,24.0000
-19.8513,0.0000,24.0000
-19.8316,0.0000,24.0000
-19.8119,0.0000,24.0000
-19.7921,0.0000,24.0000
-19.7724,0.0000,24.0000
-19.7526,0.0000,24.0000
-19.7329,0.0000,24.0000
-19.7131,0.0000,24.0000
-19.6934,0.0000,24.0000
-19.6736,0.0000,24.0000
-19.6539,0.0000,24.0000
-19.6342,0.0000,24.0000
-19.6144,0.0000,24.0000
-19.5947,0.0000,24.0000
-19.5749,0.0000,24.0000
-19.5552,0.0000,24.0000
-19.5354,0.0000,24.0000
-19.5157,0.0000,24.0000
-19.4959,0.0000,24.0000
-19.4762,0.0000,24.0000
-19.4565,0.0000,24.0000
-19.4367,0.0000,24.0000
-19.4170,0.0000,24.0000
-19.3972,0.0000,24.0000
-19.3775,0.0000,24.0000
-19.3577,0.0000,24.0000
-19.3380,0.0000,24.0000
-19.3183,0.0000,24.0000
-19.2985,0.0000,24.0000
-19.2788,0.0000,24.0000
-19.2590,0.0000,24.0000
-19.2393,0.0000,24.0000
-19.2195,0.0000,24.0000
-19.1998,0.0000,24.0000
-19.1800,0.0000,24.0000
-19.1603,0.0000,24.0000
-19.1406,0.0000,24.0000
-19.1208,0.0000,24.0000
-19.1011,0.0000,24.0000
-19.0813,0.0000,24.0000
-19.0616,0.0000,24.0000
-19.0418,0.0000,24.0000
-19.0221,0.0000,24.0000
-19.0024,0.0000,24.0000
-18.9826,0.0000,24.0000
-18.9629,0.0000,24.0000
-18.9431,0.0000,24.0000
-18.9234,0.0000,24.0000
-18.9036,0.0000,24.0000
-18.8839,0.0000,24.0000
-18.8641,0.0000,24.0000
-18.8444,0.0000,24.0000
-18.8247,0.0000,24.0000
-18.8049,0.0000,24.0000
-18.7852,0.0000,24.0000
-18.7654,0.0000,24.0000
-18.7457,0.0000,24.0000
-18.7259,0.0000,24.0000
-18.7062,0.0000,24.0000
-18.6864,0.0000,24.0000
-18.6667,0.0000,24.0000
-18.6470,0.0000,24.0000
-18.6272,0.0000,24.0000
-18.6075,0.0000,24.0000
-18.5877,0.0000,24.0000
-18.5680,0.0000,24.0000
-18.5482,0.0000,24.0000
-18.5285,0.0000,24.0000
-18.5088,0.0000,24.0000
-18.4890,0.0000,24.0000
-18.4693,0.0000,24.0000
-18.4495,0.0000,24.0000
-18.4298,0.0000,24.0000
-18.4100,0.0000,24.0000
-18.3903,0.0000,24.0000
-18.3705,0.0000,24.0000
-18.3508,0.0000,24.0000
-18.3311,0.0000,24.0000
-18.3113,0.0000,24.0000
-18.2916,0.0000,24.0000
-18.2718,0.0000,24.0000
-18.2521,0.0000,24.0000
-18.2323,0.0000,24.0000
-18.2126,0.0000,24.0000
-18.1929,0.0000,24.0000
-18.1731,0.0000,24.0000
-18.1534,0.0000,24.0000
-18.1336,0.0000,24.0000
-18.1139,0.0000,24.0000
-18.0941,0.0000,24.0000
-18.0744,0.0000,24.0000
-18.0546,0.0000,24.0000
-18.0349,0.0000,24.0000
-18.0152,0.0000,24.0000
-17.9954,0.0000,24.0000
-17.9757,0.0000,24.0000
-17.9559,0.0000,24.0000
-17.9362,0.0000,24.0000
-17.9164,0.0000,24.0000
-17.8967,0.0000,24.0000
-17.8769,0.0000,24.0000
-17.8572,0.0000,24.0000
-17.8375,0.0000,24.0000
-17.8177,0.0000,24.0000
-17.7980,0.0000,24.0000
-17.7782,0.0000,24.0000
-17.7585,0.0000,24.0000
-17.7387,0.0000,24.0000
-17.7190,0.0000,24.0000
-17.6993,0.0000,24.0000
-17.6795,0.0000,24.0000
-17.6598,0.0000,24.0000
-17.6400,0.0000,24.0000
-17.6203,0.0000,24.0000
-17.6005,0.0000,24.0000
-17.5808,0.0000,24.0000
-17.5610,0.0000,24.0000
-17.5413,0.0000,24.0000
-17.5216,0.0000,24.0000
-17.5018,0.0000,24.0000
-17.4821,0.0000,24.0000
-17.4623,0.0000,24.0000
-17.4426,0.0000,24.0000
-17.4228,0.0000,24.0000
-17.4031,0.0000,24.0000
-17.3834,0.0000,24.0000
-17.3636,0.0000,24.0000
-17.3439,0.0000,24.0000
-17.3241,0.0000,24.0000
-17.3044,0.0000,24.0000
-17.2846,0.0000,24.0000
-17.2649,0.0000,24.0000
-17.2451,0.0000,24.0000
-17.2254,0.0000,24.0000
-17.2057,0.0000,24.0000
-17.1859,0.0000,24.0000
-17.1662,0.0000,24.0000
-17.1464,0.0000,24.0000
-17.1267,0.0000,24.0000
-17.1069,0.0000,24.0000
-17.0872,0.0000,24.0000
-17.0674,0.0000,24.0000
-17.0477,0.0000,24.0000
-17.0280,0.0000,24.0000
-17.0082,0.0000,24.0000
-16.9885,0.0000,24.0000
-16.9687,0.0000,24.0000
-16.9490,0.0000,24.0000
-16.9292,0.0000,24.0000
-16.9095,0.0000,24.0000
-16.8898,0.0000,24.0000
-16.8700,0.0000,24.0000
-16.8503,0.0000,24.0000
-16.8305,0.0000,24.0000
-16.8108,0.0000,24.0000
-16.7910,0.0000,24.0000
-16.7713,0.0000,24.0000
-16.7515,0.0000,24.0000
-16.7318,0.0000,24.0000
-16.7121,0.0000,24.0000
-16.6923,0.0000,24.0000
-16.6726,0.0000,24.0000
-16.6528,0.0000,24.0000
-16.6331,0.0000,24.0000
-16.6133,0.0000,24.0000
-16.5936,0.0000,24.0000
-16.5739,0.0000,24.0000
-16.5541,0.0000,24.0000
-16.5344,0.0000,24.0000
-16.5146,0.0000,24.0000
-16.4949,0.0000,24.0000
-16.4751,0.0000,24.0000
-16.4554,0.0000,24.0000
-16.4356,0.0000,24.0000
-16.4159,0.0000,24.0000
-16.3962,0.0000,24.0000
-16.3764,0.0000,24.0000
-16.3567,0.0000,24.0000
-16.3369,0.0000,24.0000
-16.3172,0.0000,24.0000
-16.2974,0.0000,24.0000
-16.2777,0.0000,24.0000
-16.2579,0.0000,24.0000
-16.2382,0.0000,24.0000
-16.2185,0.0000,24.0000
-16.1987,0.0000,24.0000
-16.1790,0.0000,24.0000
-16.1592,0.0000,24.0000
-16.1395,0.0000,24.0000
-16.1197,0.0000,24.0000
-16.1000,0.0000,24.0000
-16.0803,0.0000,24.0000
-16.0605,0.0000,24.0000
-16.0408,0.0000,24.0000
-16.0210,0.0000,24.0000
-16.0013,0.0000,24.0000
-15.9815,0.0000,24.0000
-15.9618,0.0000,24.0000
-15.9420,0.0000,24.0000
-15.9223,0.0000,24.0000
-15.9026,0.0000,24.0000
-15.8828,0.0000,24.0000
-15.8631,0.0000,24.0000
-15.8433,0.0000,24.0000
-15.8236,0.0000,24.0000
-15.8038,0.0000,24.0000
-15.7841,0.0000,24.0000
-15.7644,0.0000,24.0000
-15.7446,0.0000,24.0000
-15.7249,0.0000,24.0000
-15.7051,0.0000,24.0000
-15.6854,0.0000,24.0000
-15.6656,0.0000,24.0000
-15.6459,0.0000,24.0000
-15.6261,0.0000,24.0000
-15.6064,0.0000,24.0000
-15.5867,0.0000,24.0000
-15.5669,0.0000,24.0000
-15.5472,0.0000,24.0000
-15.5274,0.0000,24.0000
-15.5077,0.0000,24.0000
-15.4879,0.0000,24.0000
-15.4682,0.0000,24.0000
-15.4484,0.0000,24.0000
-15.4287,0.0000,24.0000
-15.4090,0.0000,24.0000
-15.3892,0.0000,24.0000
-15.3695,0.0000,24.0000
-15.3497,0.0000,24.0000
-15.3300,0.0000,24.0000
-15.3102,0.0000,24.0000
-15.2905,0.0000,24.0000
-15.2708,0.0000,24.0000
-15.2510,0.0000,24.0000
-15.2313,0.0000,24.0000
-15.2115,0.0000,24.0000
-15.1918,0.0000,24.0000
-15.1720,0.0000,24.0000
-15.1523,0.0000,24.0000
-15.1325,0.0000,24.0000
-15.1128,0.0000,24.0000
-15.0931,0.0000,24.0000
-15.0733,0.0000,24.0000
-15.0536,0.0000,24.0000
-15.0338,0.0000,24.0000
-15.0141,0.0000,24.0000
-14.9943,0.0000,24.0000
-14.9746,0.0000,24.0000
-14.9548,0.0000,24.0000
-14.9351,0.0000,24.0000
-14.9154,0.0000,24.0000
-14.8956,0.0000,24.0000
-14.8759,0.0000,24.0000
-14.8561,0.0000,24.0000
-14.8364,0.0000,24.0000
-14.8166,0.0000,24.0000
-14.7969,0.0000,24.0000
-14.7772,0.0000,24.0000
-14.7574,0.0000,24.0000
-14.7377,0.0000,24.0000
-14.7179,0.0000,24.0000
-14.6982,0.0000,24.0000
-14.6784,0.0000,24.0000
-14.6587,0.0000,24.0000
-14.6389,0.0000,24.0000
-14.6192,0.0000,24.0000
-14.5995,0.0000,24.0000
-14.5797,0.0000,24.0000
-14.5600,0.0000,24.0000
-14.5402,0.0000,24.0000
-14.5205,0.0000,24.0000
-14.5007,0.0000,24.0000
-14.4810,0.0000,24.0000
-14.4613,0.0000,24.0000
-14.4415,0.0000,24.0000
-14.4218,0.0000,24.0000
-14.4020,0.0000,24.0000
-14.3823,0.0000,24.0000
-14.3625,0.0000,24.0000
-14.3428,0.0000,24.0000
-14.3230,0.0000,24.0000
-14.3033,0.0000,24.0000
-14.2836,0.0000,24.0000
-14.2638,0.0000,24.0000
-14.2441,0.0000,24.0000
-14.2243,0.0000,24.0000
-14.2046,0.0000,24.0000
-14.1848,0.0000,24.0000
-14.1651,0.0000,24.0000
-14.1453,0.0000,24.0000
-14.1256,0.0000,24.0000
-14.1059,0.0000,24.0000
-14.0861,0.0000,24.0000
-14.0664,0.0000,24.0000
-14.0466,0.0000,24.0000
-14.0269,0.0000,24.0000
-14.0071,0.0000,24.0000
-13.9874,0.0000,24.0000
-13.9677,0.0000,24.0000
-13.9479,0.0000,24.0000
-13.9282,0.0000,24.0000
-13.9084,0.0000,24.0000
-13.8887,0.0000,24.0000
-13.8689,0.0000,24.0000
-13.8492,0.0000,24.0000
-13.8294,0.0000,24.0000
-13.8097,0.0000,24.0000
-13.7900,0.0000,24.0000
-13.7702,0.0000,24.0000
-13.7505,0.0000,24.0000
-13.7307,0.0000,24.0000
-13.7110,0.0000,24.0000
-13.6912,0.0000,24.0000
-13.6715,0.0000,24.0000
-13.6518,0.0000,24.0000
-13.6320,0.0000,24.0000
-13.6123,0.0000,24.0000
-13.5925,0.0000,24.0000
-13.5728,0.0000,24.0000
-13.5530,0.0000,24.0000
-13.5333,0.0000,24.0000
-13.5135,0.0000,24.0000
-13.4938,0.0000,24.0000
-13.4741,0.0000,24.0000
-13.4543,0.0000,24.0000
-13.4346,0.0000,24.0000
-13.4148,0.0000,24.0000
-13.3951,0.0000,24.0000
-13.3753,0.0000,24.0000
-13.3556,0.0000,24.0000
-13.3358,0.0000,24.0000
-13.3161,0.0000,24.0000
-13.2964,0.0000,24.0000
-13.2766,0.0000,24.0000
-13.2569,0.0000,24.0000
-13.2371,0.0000,24.0000
-13.2174,0.0000,24.0000
-13.1976,0.0000,24.0000
-13.1779,0.0000,24.0000
-13.1582,0.0000,24.0000
-13.1384,0.0000,24.0000
-13.1187,0.0000,24.0000
-13.0989,0.0000,24.0000
-13.0792,0.0000,24.0000
-13.0594,0.0000,24.0000
-13.0397,0.0000,24.0000
-13.0199,0.0000,24.0000
-13.0002,0.0000,24.0000
-12.9805,0.0000,24.0000
-12.9607,0.0000,24.0000
-12.9410,0.0000,24.0000
-12.9212,0.0000,24.0000
-12.9015,0.0000,24.0000
-12.8817,0.0000,24.0000
-12.8620,0.0000,24.0000
-12.8423,0.0000,24.0000
-12.8225,0.0000,24.0000
-12.8028,0.0000,24.0000
-12.7830,0.0000,24.0000
-12.7633,0.0000,24.0000
-12.7435,0.0000,24.0000
-12.7238,0.0000,24.0000
-12.7040,0.0000,24.0000
-12.6843,0.0000,24.0000
-12.6646,0.0000,24.0000
-12.6448,0.0000,24.0000
-12.6251,0.0000,24.0000
-12.6053,0.0000,24.0000
-12.5856,0.0000,24.0000
-12.5658,0.0000,24.0000
-12.5461,0.0000,24.0000
-12.5263,0.0000,24.0000
-12.5066,0.0000,24.0000
-12.4869,0.0000,24.0000
-12.4671,0.0000,24.0000
-12.4474,0.0000,24.0000
-12.4276,0.0000,24.0000
-12.4079,0.0000,24.0000
-12.3881,0.0000,24.0000
-12.3684,0.0000,24.0000
-12.3487,0.0000,24.0000
-12.3289,0.0000,24.0000
-12.3092,0.0000,24.0000
-12.2894,0.0000,24.0000
-12.2697,0.0000,24.0000
-12.2499,0.0000,24.0000
-12.2302,0.0000,24.0000
-12.2104,0.0000,24.0000
-12.1907,0.0000,24.0000
-12.1710,0.0000,24.0000
-12.1512,0.0000,24.0000
-12.1315,0.0000,24.0000
-12.1117,0.0000,24.0000
-12.0920,0.0000,24.0000
-12.0722,0.0000,24.0000
-12.0525,0.0000,24.0000
-12.0328,0.0000,24.0000
-12.0130,0.0000,24.0000
-11.9933,0.0000,24.0000
-11.9735,0.0000,24.0000
-11.9538,0.0000,24.0000
-11.9340,0.0000,24.0000
-11.9143,0.0000,24.0000
-11.8945,0.0000,24.0000
-11.8748,0.0000,24.0000
-11.8551,0.0000,24.0000
-11.8353,0.0000,24.0000
-11.8156,0.0000,24.0000
-11.7958,0.0000,24.0000
-11.7761,0.0000,24.0000
-11.7563,0.0000,24.0000
-11.7366,0.0000,24.0000
-11.7168,0.0000,24.0000
-11.6971,0.0000,24.0000
-11.6774,0.0000,24.0000
-11.6576,0.0000,24.0000
-11.6379,0.0000,24.0000
-11.6181,0.0000,24.0000
-11.5984,0.0000,24.0000
-11.5786,0.0000,24.0000
-11.5589,0.0000,24.0000
-11.5392,0.0000,24.0000
-11.5194,0.0000,24.0000
-11.4997,0.0000,24.0000
-11.4799,0.0000,24.0000
-11.4602,0.0000,24.0000
-11.4404,0.0000,24.0000
-11.4207,0.0000,24.0000
-11.4009,0.0000,24.0000
-11.3812,0.0000,24.0000
-11.3615,0.0000,24.0000
-11.3417,0.0000,24.0000
-11.3220,0.0000,24.0000
-11.3022,0.0000,24.0000
-11.2825,0.0000,24.0000
-11.2627,0.0000,24.0000
-11.2430,0.0000,24.0000
-11.2233,0.0000,24.0000
-11.2035,0.0000,24.0000
-11.1838,0.0000,24.0000
-11.1640,0.0000,24.0000
-11.1443,0.0000,24.0000
-11.1245,0.0000,24.0000
-11.1048,0.0000,24.0000
-11.0850,0.0000,24.0000
-11.0653,0.0000,24.0000
-11.0456,0.0000,24.0000
-11.0258,0.0000,24.0000
-11.0061,0.0000,24.0000
-10.9863,0.0000,24.0000
-10.9666,0.0000,24.0000
-10.9468,0.0000,24.0000
-10.9271,0.0000,24.0000
-10.9073,0.0000,24.0000
-10.8876,0.0000,24.0000
-10.8679,0.0000,24.0000
-10.8481,0.0000,24.0000
-10.8284,0.0000,24.0000
-10.8086,0.0000,24.0000
-10.7889,0.0000,24.0000
-10.7691,0.0000,24.0000
-10.7494,0.0000,24.0000
-10.7297,0.0000,24.0000
-10.7099,0.0000,24.0000
-10.6902,0.0000,24.0000
-10.6704,0.0000,24.0000
-10.6507,0.0000,24.0000
-10.6309,0.0000,24.0000
-10.6112,0.0000,24.0000
-10.5914,0.0000,24.0000
-10.5717,0.0000,24.0000
-10.5520,0.0000,24.0000
-10.5322,0.0000,24.0000
-10.5125,0.0000,24.0000
-10.4927,0.0000,24.0000
-10.4730,0.0000,24.0000
-10.4532,0.0000,24.0000
-10.4335,0.0000,24.0000
-10.4137,0.0000,24.0000
-10.3940,0.0000,24.0000
-10.3743,0.0000,24.0000
-10.3545,0.0000,24.0000
-10.3348,0.0000,24.0000
-10.3150,0.0000,24.0000
-10.2953,0.0000,24.0000
-10.2755,0.0000,24.0000
-10.2558,0.0000,24.0000
-10.2361,0.0000,24.0000
-10.2163,0.0000,24.0000
-10.1966,0.0000,24.0000
-10.1768,0.0000,24.0000
-10.1571,0.0000,24.0000
-10.1373,0.0000,24.0000
-10.1176,0.0000,24.0000
-10.0978,0.0000,24.0000
-10.0781,0.0000,24.0000
-10.0584,0.0000,24.0000
-10.0386,0.0000,24.0000
-10.0189,0.0000,24.0000
-9.9991,0.0000,24.0000
-9.9794,0.0000,24.0000
-9.9596,0.0000,24.0000
-9.9399,0.0000,24.0000
-9.9202,0.0000,24.0000
-9.9004,2.4736,24.0803
-9.8807,2.9005,24.1334
-9.8609,5.0358,24.2705
-9.8412,5.6850,24.3763
-9.8214,6.3341,24.4950
-9.8017,6.6127,24.6229
-9.7819,7.1672,24.7589
-9.7622,7.7216,24.9059
-9.7425,8.2761,25.0638
-9.7227,9.4028,25.2376
-9.7030,9.1354,25.5375
-9.6832,8.9136,25.7142
-9.6635,9.0236,25.8913
-9.6437,9.1336,26.0705
-9.6240,9.2436,26.2519
-9.6042,8.0276,26.5283
-9.5845,7.5328,26.6815
-9.5648,7.1046,26.8260
-9.5450,6.1938,26.9582
-9.5253,5.8676,27.0773
-9.5055,5.5415,27.1899
-9.4858,5.2153,27.2961
-9.4660,4.8451,27.3958
-9.4463,4.5156,27.4882
-9.4266,4.1860,27.5741
-9.4068,3.8565,27.6535
-9.3871,8.1859,27.8924
-9.3673,8.5745,28.0579
-9.3476,7.8876,28.2750
-9.3278,8.4014,28.4358
-9.3081,10.2561,28.6763
-9.2883,16.9129,29.0232
-9.2686,18.1253,29.3691
-9.2489,17.2662,29.7806
-9.2291,22.3007,30.2502
-9.2094,11.8712,30.6219
-9.1896,10.1673,30.8394
-9.1699,8.4634,31.0233
-9.1501,7.7270,31.1823
-9.1304,8.3497,31.3736
-9.1107,9.0256,31.5670
-9.0909,11.5793,31.7704
-9.0712,22.6667,32.0915
-9.0514,43.0939,32.9401
-9.0317,51.9249,33.9164
-9.0119,17.9702,34.6424
-8.9922,14.0752,34.9588
-8.9724,7.0566,35.2264
-8.9527,22.8855,35.6630
-8.9330,17.9333,36.0659
-8.9132,10.7008,36.3581
-8.8935,14.7808,36.6865
-8.8737,15.6407,36.9868
-8.8540,14.6531,37.3500
-8.8342,26.4688,37.8345
-8.8145,46.2111,39.0664
-8.7947,84.1470,40.4653
-8.7750,55.1582,41.6306
-8.7553,53.9169,42.7223
-8.7355,55.7499,44.2411
-8.7158,37.8420,45.7752
-8.6960,45.3354,47.1588
-8.6763,0.0000,48.0000
-8.6565,0.0000,48.0000
-8.6368,0.0000,48.0000
-8.6171,0.0000,48.0000
-8.5973,0.0000,48.0000
-8.5776,0.0000,48.0000
-8.5578,0.0000,48.0000
-8.5381,0.0000,48.0000
-8.5183,0.0000,48.0000
-8.4986,0.0000,48.0000
-8.4788,0.0000,48.0000
-8.4591,0.0000,48.0000
-8.4394,0.0000,48.0000
-8.4196,1.4775,48.0646
-8.3999,4.1913,48.2482
-8.3801,4.6263,48.3352
-8.3604,5.0613,48.4309
-8.3406,5.4962,48.5351
-8.3209,5.9312,48.6479
-8.3012,6.3661,48.7693
-8.2814,6.8011,48.8993
-8.2617,11.4500,49.0692
-8.2419,14.5603,49.3361
-8.2222,12.0137,49.7309
-8.2024,15.6439,50.0508
-8.1827,15.0418,50.4800
-8.1629,16.5642,50.7907
-8.1432,17.1870,51.1239
-8.1235,15.6017,51.4479
-8.1037,15.5416,51.7546
-8.0840,15.6312,52.0623
-8.0642,15.7891,52.3721
-8.0445,14.2153,52.6549
-8.0247,14.5767,52.9392
-8.0050,14.9382,53.2305
-7.9852,15.0375,53.6335
-7.9655,14.5330,53.9254
-7.9458,16.0905,54.3409
-7.9260,14.6728,54.6446
-7.9063,14.4762,54.9206
-7.8865,12.2979,55.1844
-7.8668,10.8428,55.4128
-7.8470,8.3716,55.6565
-7.8273,3.0023,55.8951
-7.8076,0.0000,56.0000
-7.7878,0.0000,56.0000
-7.7681,0.0000,56.0000
-7.7483,0.0000,56.0000
-7.7286,0.0000,56.0000
-7.7088,0.0000,56.0000
-7.6891,0.0000,56.0000
-7.6693,0.0000,56.0000
-7.6496,0.0000,56.0000
-7.6299,0.0000,56.0000
-7.6101,0.0000,56.0000
-7.5904,0.0000,56.0000
-7.5706,0.0000,56.0000
-7.5509,0.0000,56.0000
-7.5311,0.0000,56.0000
-7.5114,0.0000,56.0000
-7.4917,6.3050,56.2321
-7.4719,7.6151,56.3695
-7.4522,8.9252,56.5328
-7.4324,10.2353,56.7219
-7.4127,11.5454,56.9369
-7.3929,28.4613,57.2220
-7.3732,13.6849,57.6660
-7.3534,15.1467,57.9592
-7.3337,21.2857,58.3613
-7.3140,21.0613,58.7876
-7.2942,19.8499,59.1915
-7.2745,11.5070,59.6105
-7.2547,16.0228,60.0502
-7.2350,8.8970,60.3977
-7.2152,10.6056,60.5902
-7.1955,16.9335,60.9226
-7.1757,20.4115,61.2913
-7.1560,44.8758,61.9673
-7.1363,20.8147,62.6355
-7.1165,17.8388,63.0171
-7.0968,14.8628,63.3399
-7.0770,11.8869,63.6040
-7.0573,0.0000,64.0000
-7.0375,0.0000,64.0000
-7.0178,0.0000,64.0000
-6.9981,0.0000,64.0000
-6.9783,0.0000,64.0000
-6.9586,0.0000,64.0000
-6.9388,0.0000,64.0000
-6.9191,0.0000,64.0000
-6.8993,0.0000,64.0000
-6.8796,0.0000,64.0000
-6.8598,0.0000,64.0000
-6.8401,0.0000,64.0000
-6.8204,0.0000,64.0000
-6.8006,0.0000,64.0000
-6.7809,0.0000,64.0000
-6.7611,0.0000,64.0000
-6.7414,0.0000,64.0000
-6.7216,0.0000,64.0000
-6.7019,0.0000,64.0000
-6.6822,0.0000,64.0000
-6.6624,0.0000,64.0000
-6.6427,0.0000,64.0000
-6.6229,0.0000,64.0000
-6.6032,0.0000,64.0000
-6.5834,0.0000,64.0000
-6.5637,0.0000,64.0000
-6.5439,0.0000,64.0000
-6.5242,0.0000,64.0000
-6.5045,0.0000,64.0000
-6.4847,0.0000,64.0000
-6.4650,0.0000,64.0000
-6.4452,0.0000,64.0000
-6.4255,0.0000,64.0000
-6.4057,0.0000,64.0000
-6.3860,0.0000,64.0000
-6.3662,0.0000,64.0000
-6.3465,0.0000,64.0000
-6.3268,0.0000,64.0000
-6.3070,0.0000,64.0000
-6.2873,0.0000,64.0000
-6.2675,0.0000,64.0000
-6.2478,0.0000,64.0000
-6.2280,0.0000,64.0000
-6.2083,0.0000,64.0000
-6.1886,0.0000,64.0000
-6.1688,0.0000,64.0000
-6.1491,0.0000,64.0000
-6.1293,0.0000,64.0000
-6.1096,0.0000,64.0000
-6.0898,0.0000,64.0000
-6.0701,0.0000,64.0000
-6.0503,0.0000,64.0000
-6.0306,0.0000,64.0000
-6.0109,0.0000,64.0000
-5.9911,0.0000,64.0000
-5.9714,0.0000,64.0000
-5.9516,0.0000,64.0000
-5.9319,0.0000,64.0000
-5.9121,0.0000,64.0000
-5.8924,0.0000,64.0000
-5.8726,0.0000,64.0000
-5.8529,0.0000,64.0000
-5.8332,0.0000,64.0000
-5.8134,0.0000,64.0000
-5.7937,0.0000,64.0000
-5.7739,0.0000,64.0000
-5.7542,0.0000,64.0000
-5.7344,0.0000,64.0000
-5.7147,0.0000,64.0000
-5.6950,0.0000,64.0000
-5.6752,0.0000,64.0000
-5.6555,0.0000,64.0000
-5.6357,0.0000,64.0000
-5.6160,0.0000,64.0000
-5.5962,0.0000,64.0000
-5.5765,0.0000,64.0000
-5.5567,0.0000,64.0000
-5.5370,0.0000,64.0000
-5.5173,0.0000,64.0000
-5.4975,0.0000,64.0000
-5.4778,0.0000,64.0000
-5.4580,0.0000,64.0000
-5.4383,0.0000,64.0000
-5.4185,0.0000,64.0000
-5.3988,0.0000,64.0000
-5.3791,0.0000,64.0000
-5.3593,0.0000,64.0000
-5.3396,0.0000,64.0000
-5.3198,0.0000,64.0000
-5.3001,0.0000,64.0000
-5.2803,0.0000,64.0000
-5.2606,0.0000,64.0000
-5.2408,0.0000,64.0000
-5.2211,0.0000,64.0000
-5.2014,0.0000,64.0000
-5.1816,0.0000,64.0000
-5.1619,0.0000,64.0000
-5.1421,0.0000,64.0000
-5.1224,0.0000,64.0000
-5.1026,0.0000,64.0000
-5.0829,0.0000,64.0000
-5.0631,0.0000,64.0000
-5.0434,0.0000,64.0000
-5.0237,0.0000,64.0000
-5.0039,0.0000,64.0000
-4.9842,0.0000,64.0000
-4.9644,0.0000,64.0000
-4.9447,0.0000,64.0000
-4.9249,0.0000,64.0000
-4.9052,0.0000,64.0000
-4.8855,0.0000,64.0000
-4.8657,0.0000,64.0000
-4.8460,0.0000,64.0000
-4.8262,0.0000,64.0000
-4.8065,0.0000,64.0000
-4.7867,0.0000,64.0000
-4.7670,0.0000,64.0000
-4.7472,0.0000,64.0000
-4.7275,0.0000,64.0000
-4.7078,0.0000,64.0000
-4.6880,0.0000,64.0000
-4.6683,0.0000,64.0000
-4.6485,0.0000,64.0000
-4.6288,0.0000,64.0000
-4.6090,0.0000,64.0000
-4.5893,0.0000,64.0000
-4.5696,0.0000,64.0000
-4.5498,0.0000,64.0000
-4.5301,0.0000,64.0000
-4.5103,0.0000,64.0000
-4.4906,0.0000,64.0000
-4.4708,0.0000,64.0000
-4.4511,0.0000,64.0000
-4.4313,0.0000,64.0000
-4.4116,0.0000,64.0000
-4.3919,0.0000,64.0000
-4.3721,0.0000,64.0000
-4.3524,0.0000,64.0000
-4.3326,0.0000,64.0000
-4.3129,0.0000,64.0000
-4.2931,0.0000,64.0000
-4.2734,0.0000,64.0000
-4.2536,0.0000,64.0000
-4.2339,0.0000,64.0000
-4.2142,0.0000,64.0000
-4.1944,0.0000,64.0000
-4.1747,0.0000,64.0000
-4.1549,0.0000,64.0000
-4.1352,0.0000,64.0000
-4.1154,0.0000,64.0000
-4.0957,0.0000,64.0000
-4.0760,0.0000,64.0000
-4.0562,0.0000,64.0000
-4.0365,0.0000,64.0000
-4.0167,0.0000,64.0000
-3.9970,0.0000,64.0000
-3.9772,0.0000,64.0000
-3.9575,0.0000,64.0000
-3.9377,0.0000,64.0000
-3.9180,0.0000,64.0000
-3.8983,0.0000,64.0000
-3.8785,0.0000,64.0000
-3.8588,0.0000,64.0000
-3.8390,0.0000,64.0000
-3.8193,0.0000,64.0000
-3.7995,0.0000,64.0000
-3.7798,0.0000,64.0000
-3.7601,0.0000,64.0000
-3.7403,0.0000,64.0000
-3.7206,0.0000,64.0000
-3.7008,0.0000,64.0000
-3.6811,0.0000,64.0000
-3.6613,0.0000,64.0000
-3.6416,0.0000,64.0000
-3.6218,0.0000,64.0000
-3.6021,0.0000,64.0000
-3.5824,0.0000,64.0000
-3.5626,0.0000,64.0000
-3.5429,0.0000,64.0000
-3.5231,0.0000,64.0000
-3.5034,0.0000,64.0000
-3.4836,0.0000,64.0000
-3.4639,0.0000,64.0000
-3.4441,0.0000,64.0000
-3.4244,0.0000,64.0000
-3.4047,0.0000,64.0000
-3.3849,0.0000,64.0000
-3.3652,0.0000,64.0000
-3.3454,0.0000,64.0000
-3.3257,0.0000,64.0000
-3.3059,0.0000,64.0000
-3.2862,0.0000,64.0000
-3.2665,0.0000,64.0000
-3.2467,0.0000,64.0000
-3.2270,0.0000,64.0000
-3.2072,0.0000,64.0000
-3.1875,0.0000,64.0000
-3.1677,0.0000,64.0000
-3.1480,0.0000,64.0000
-3.1282,0.0000,64.0000
-3.1085,0.0000,64.0000
-3.0888,0.0000,64.0000
-3.0690,0.0000,64.0000
-3.0493,0.0000,64.0000
-3.0295,0.0000,64.0000
-3.0098,0.0000,64.0000
-2.9900,0.0000,64.0000
-2.9703,0.0000,64.0000
-2.9506,0.0000,64.0000
-2.9308,0.0000,64.0000
-2.9111,0.0000,64.0000
-2.8913,0.0000,64.0000
-2.8716,0.0000,64.0000
-2.8518,0.0000,64.0000
-2.8321,0.0000,64.0000
-2.8123,0.0000,64.0000
-2.7926,0.0000,64.0000
-2.7729,0.0000,64.0000
-2.7531,0.0000,64.0000
-2.7334,0.0000,64.0000
-2.7136,0.0000,64.0000
-2.6939,0.0000,64.0000
-2.6741,0.0000,64.0000
-2.6544,0.0000,64.0000
-2.6346,0.0000,64.0000
-2.6149,0.0000,64.0000
-2.5952,0.0000,64.0000
-2.5754,0.0000,64.0000
-2.5557,0.0000,64.0000
-2.5359,0.0000,64.0000
-2.5162,0.0000,64.0000
-2.4964,0.0000,64.0000
-2.4767,0.0000,64.0000
-2.4570,0.0000,64.0000
-2.4372,0.0000,64.0000
-2.4175,0.0000,64.0000
-2.3977,0.0000,64.0000
-2.3780,0.0000,64.0000
-2.3582,0.0000,64.0000
-2.3385,0.0000,64.0000
-2.3187,0.0000,64.0000
-2.2990,0.0000,64.0000
-2.2793,0.0000,64.0000
-2.2595,0.0000,64.0000
-2.2398,0.0000,64.0000
-2.2200,0.0000,64.0000
-2.2003,0.0000,64.0000
-2.1805,0.0000,64.0000
-2.1608,0.0000,64.0000
-2.1411,0.0000,64.0000
-2.1213,0.0000,64.0000
-2.1016,0.0000,64.0000
-2.0818,0.0000,64.0000
-2.0621,0.0000,64.0000
-2.0423,0.0000,64.0000
-2.0226,0.0000,64.0000
-2.0028,0.0000,64.0000
-1.9831,0.0000,64.0000
-1.9634,0.0000,64.0000
-1.9436,0.0000,64.0000
-1.9239,0.0000,64.0000
-1.9041,0.0000,64.0000
-1.8844,0.0000,64.0000
-1.8646,0.0000,64.0000
-1.8449,0.0000,64.0000
-1.8251,0.0000,64.0000
-1.8054,0.0000,64.0000
-1.7857,0.0000,64.0000
-1.7659,0.0000,64.0000
-1.7462,0.0000,64.0000
-1.7264,0.0000,64.0000
-1.7067,0.0000,64.0000
-1.6869,0.0000,64.0000
-1.6672,0.0000,64.0000
-1.6475,0.0000,64.0000
-1.6277,0.0000,64.0000
-1.6080,0.0000,64.0000
-1.5882,0.0000,64.0000
-1.5685,0.0000,64.0000
-1.5487,0.0000,64.0000
-1.5290,0.0000,64.0000
-1.5092,0.0000,64.0000
-1.4895,0.0000,64.0000
-1.4698,0.0000,64.0000
-1.4500,0.7838,64.0648
-1.4303,1.5622,64.1456
-1.4105,1.6476,64.1773
-1.3908,1.7331,64.2106
-1.3710,1.8185,64.2457
-1.3513,1.9040,64.2825
-1.3315,1.9894,64.3209
-1.3118,2.0749,64.3610
-1.2921,2.1603,64.4028
-1.2723,2.2457,64.4463
-1.2526,2.3312,64.4915
-1.2328,2.4166,64.5384
-1.2131,2.5021,64.5869
-1.1933,2.5875,64.6372
-1.1736,2.6730,64.6891
-1.1539,4.1090,64.7612
-1.1341,4.2988,64.8442
-1.1144,6.2053,64.9549
-1.0946,6.5129,65.0805
-1.0749,6.8205,65.2121
-1.0551,5.2776,65.4441
-1.0354,3.2540,65.6536
-1.0156,3.2012,65.7173
-0.9959,3.1484,65.7800
-0.9762,3.0956,65.8417
-0.9564,3.0428,65.9023
-0.9367,2.9900,65.9618
-0.9169,2.9372,66.0203
-0.8972,2.8844,66.0778
-0.8774,2.8316,66.1342
-0.8577,2.7788,66.1896
-0.8380,2.7260,66.2440
-0.8182,3.3681,66.3562
-0.7985,4.0827,66.4888
-0.7787,4.1086,66.5697
-0.7590,4.1345,66.6510
-0.7392,4.1659,66.7329
-0.7195,4.2128,66.8157
-0.6997,4.2598,66.8993
-0.6800,4.3067,66.9839
-0.6603,4.3536,67.0694
-0.6405,4.4005,67.1558
-0.6208,5.3221,67.3561
-0.6010,5.4371,67.4623
-0.5813,5.5521,67.5708
-0.5615,5.6672,67.6816
-0.5418,5.7822,67.7946
-0.5220,5.8972,67.9099
-0.5023,6.0123,68.0275
-0.4826,6.5862,68.1558
-0.4628,6.7737,68.2877
-0.4431,6.9611,68.4233
-0.4233,7.1486,68.5626
-0.4036,7.3361,68.7056
-0.3838,7.3384,68.8490
-0.3641,7.5005,68.9955
-0.3444,7.6626,69.1452
-0.3246,7.8247,69.2981
-0.3049,7.9868,69.4541
-0.2851,7.6679,69.7166
-0.2654,7.3424,69.9794
-0.2456,7.3093,70.1241
-0.2259,7.2762,70.2681
-0.2061,7.2431,70.4114
-0.1864,7.2100,70.5541
-0.1667,7.1769,70.6961
-0.1469,7.1438,70.8375
-0.1272,7.1107,70.9782
-0.1074,8.9377,71.1246
-0.0877,10.7663,71.3259
-0.0679,13.8508,71.5919
-0.0482,17.4168,71.8873
-0.0285,18.5530,72.2424
-0.0087,18.4248,72.6180
0.0110,18.8347,72.9860
0.0308,18.7988,73.4123
0.0505,19.8481,73.9018
0.0703,20.3895,74.4076
0.0900,19.2530,74.8572
0.1098,18.6379,75.2687
0.1295,17.1903,75.6224
0.1492,13.6308,75.9933
0.1690,11.8795,76.2397
0.1887,10.4063,76.5150
0.2085,8.9253,76.7707
0.2282,7.9306,77.0748
0.2480,8.0056,77.2321
0.2677,8.0806,77.3909
0.2875,8.1556,77.5512
0.3072,8.2306,77.7130
0.3269,7.0291,77.9285
0.3467,7.2563,78.0695
0.3664,7.4835,78.2150
0.3862,7.7107,78.3650
0.4059,7.9379,78.5195
0.4257,9.5381,78.7024
0.4454,8.4503,78.8800
0.4651,7.5241,79.0364
0.4849,7.3093,79.1820
0.5046,7.3744,79.3270
0.5244,6.8070,79.5174
0.5441,6.9209,79.6529
0.5639,7.0349,79.7907
0.5836,7.1488,79.9307
0.6034,7.2627,80.0730
0.6231,7.3767,80.2175
0.6428,10.3574,80.4839
0.6626,10.2694,80.6875
0.6823,15.9562,81.0409
0.7021,18.7571,81.5131
0.7218,8.1376,81.7514
0.7416,9.7032,82.0383
0.7613,12.0347,82.3402
0.7810,13.3193,82.5825
0.8008,24.2653,83.1067
0.8205,24.8756,83.5918
0.8403,32.5555,84.2921
0.8600,53.0773,84.9616
0.8798,10.9175,85.7760
0.8995,10.2443,85.9849
0.9193,9.5710,86.1805
0.9390,8.8977,86.3628
0.9587,8.2245,86.5318
0.9785,7.5512,86.6876
0.9982,6.8780,86.8300
1.0180,5.4069,86.9555
1.0377,3.8076,87.0510
1.0575,2.6710,87.1705
1.0772,1.6717,87.2613
1.0970,1.6373,87.2940
1.1167,1.6029,87.3260
1.1364,1.5685,87.3573
1.1562,1.5341,87.3879
1.1759,1.4997,87.4179
1.1957,1.4653,87.4472
1.2154,1.4309,87.4757
1.2352,1.3965,87.5037
1.2549,1.3621,87.5309
1.2746,1.3277,87.5574
1.2944,1.2933,87.5833
1.3141,3.6768,87.7544
1.3339,5.8527,87.9443
1.3536,6.3480,88.0647
1.3734,6.8433,88.1949
1.3931,7.3386,88.3349
1.4129,7.8340,88.4847
1.4326,10.4415,88.7612
1.4523,11.1385,88.9742
1.4721,16.1337,89.3563
1.4918,18.8744,89.7436
1.5116,17.3356,90.1011
1.5313,15.0351,90.4240
1.5511,16.1331,90.7758
1.5708,16.3625,91.0966
1.5905,17.2031,91.4269
1.6103,19.9888,91.7864
1.6300,19.2202,92.1735
1.6498,19.7522,92.7234
1.6695,18.9914,93.1058
1.6893,18.4464,93.6328
1.7090,17.3617,93.9875
1.7288,15.0388,94.3725
1.7485,13.0535,94.6928
1.7682,12.0632,94.9972
1.7880,34.8309,95.4983
1.8077,8.0388,95.9336
1.8275,8.2927,96.0948
1.8472,12.7738,96.3455
1.8670,12.4795,96.5948
1.8867,12.1852,96.8383
1.9065,10.1460,97.0623
1.9262,5.7785,97.3338
1.9459,12.8335,97.5224
1.9657,11.1772,97.7494
1.9854,13.1637,97.9882
2.0052,15.3121,98.2693
2.0249,27.8513,98.6558
2.0447,10.0191,99.1304
2.0644,8.8041,99.3162
2.0841,6.2525,99.5070
2.1039,2.4943,99.9189
2.1236,0.0000,100.0000
2.1434,0.0000,100.0000
2.1631,0.0000,100.0000
2.1829,0.0000,100.0000
2.2026,13.0621,100.1413
2.2224,14.7332,100.4158
2.2421,16.2262,100.7219
2.2618,17.6519,101.0563
2.2816,20.8653,101.4617
2.3013,19.3944,101.8591
2.3211,22.5845,102.2332
2.3408,14.9272,102.7043
2.3606,13.0036,102.9801
2.3803,6.0448,103.2627
2.4000,3.8424,103.4177
2.4198,3.6152,103.4913
2.4395,23.1753,103.8407
2.4593,12.6079,104.1537
2.4790,12.3534,104.4002
2.4988,12.0990,104.6415
2.5185,11.1909,104.9226
2.5383,23.4908,105.4448
2.5580,21.6939,105.9546
2.5777,20.6553,106.3799
2.5975,16.2799,106.7879
2.6172,14.7293,107.0940
2.6370,13.1787,107.3695
2.6567,7.3370,107.6367
2.6765,4.8451,107.7487
2.6962,3.7981,107.8340
2.7160,0.0000,108.0000
2.7357,0.0000,108.0000
2.7554,8.4802,108.1956
2.7752,16.7242,108.5119
2.7949,21.9900,108.8941
2.8147,38.6073,109.6246
2.8344,30.0386,110.2526
2.8542,29.7329,111.0145
2.8739,6.4947,111.5099
2.8936,5.6406,111.6297
2.9134,4.7864,111.7327
2.9331,2.4554,111.8434
2.9529,2.1224,111.8886
2.9726,1.7895,111.9272
2.9924,0.0000,112.0000
3.0121,0.0000,112.0000
3.0319,0.0000,112.0000
3.0516,0.0000,112.0000
3.0713,0.0000,112.0000
3.0911,0.0000,112.0000
3.1108,0.0000,112.0000
3.1306,0.0000,112.0000
3.1503,0.0000,112.0000
3.1701,0.0000,112.0000
3.1898,0.0000,112.0000
3.2095,0.0000,112.0000
3.2293,0.0000,112.0000
3.2490,0.0000,112.0000
3.2688,0.0000,112.0000
3.2885,0.0000,112.0000
3.3083,0.0000,112.0000
3.3280,0.0000,112.0000
3.3478,0.0000,112.0000
3.3675,0.0000,112.0000
3.3872,0.0000,112.0000
3.4070,0.0000,112.0000
3.4267,0.0000,112.0000
3.4465,0.0000,112.0000
3.4662,0.0000,112.0000
3.4860,0.0000,112.0000
3.5057,0.0000,112.0000
3.5255,0.0000,112.0000
3.5452,0.0000,112.0000
3.5649,0.0000,112.0000
3.5847,0.0000,112.0000
3.6044,0.0000,112.0000
3.6242,0.0000,112.0000
3.6439,0.0000,112.0000
3.6637,0.0000,112.0000
3.6834,0.0000,112.0000
3.7031,0.0000,112.0000
3.7229,0.0000,112.0000
3.7426,0.0000,112.0000
3.7624,0.0000,112.0000
3.7821,0.0000,112.0000
3.8019,0.0000,112.0000
3.8216,0.0000,112.0000
3.8414,0.0000,112.0000
3.8611,0.0000,112.0000
3.8808,0.0000,112.0000
3.9006,0.0000,112.0000
3.9203,0.0000,112.0000
3.9401,0.0000,112.0000
3.9598,0.0000,112.0000
3.9796,0.4851,112.1168
3.9993,0.4974,112.1265
4.0191,0.5096,112.1364
4.0388,0.5219,112.1466
4.0585,0.5342,112.1570
4.0783,0.5465,112.1677
4.0980,0.5588,112.1786
4.1178,0.5711,112.1898
4.1375,0.5834,112.2012
4.1573,0.5957,112.2128
4.1770,0.6080,112.2247
4.1967,0.6203,112.2368
4.2165,0.6326,112.2492
4.2362,0.6449,112.2618
4.2560,0.6571,112.2746
4.2757,0.6694,112.2877
4.2955,0.6817,112.3011
4.3152,0.6940,112.3146
4.3350,0.7063,112.3285
4.3547,0.7186,112.3425
4.3744,0.7309,112.3568
4.3942,0.7432,112.3714
4.4139,0.7555,112.3862
4.4337,0.7678,112.4012
4.4534,0.7801,112.4165
4.4732,0.7924,112.4320
4.4929,0.8046,112.4478
4.5126,0.8169,112.4638
4.5324,0.8292,112.4801
4.5521,0.8415,112.4966
4.5719,0.8538,112.5133
4.5916,0.8661,112.5303
4.6114,0.8784,112.5475
4.6311,0.8907,112.5650
4.6509,0.9030,112.5827
4.6706,0.9153,112.6006
4.6903,0.9276,112.6188
4.7101,1.7562,112.7016
4.7298,1.8203,112.7369
4.7496,1.8844,112.7735
4.7693,1.9485,112.8113
4.7891,2.0126,112.8504
4.8088,2.6321,112.9503
4.8286,2.7262,113.0032
4.8483,2.8203,113.0580
4.8680,3.7572,113.1245
4.8878,3.9065,113.2002
4.9075,4.0558,113.2788
4.9273,4.2051,113.3603
4.9470,5.0645,113.4467
4.9668,5.2616,113.5487
4.9865,4.7891,113.6510
5.0062,4.9253,113.7469
5.0260,5.0614,113.8455
5.0457,5.1975,113.9468
5.0655,5.3337,114.0508
5.0852,5.4698,114.1574
5.1050,5.6059,114.2667
5.1247,5.2253,114.4816
5.1445,5.2557,114.5851
5.1642,8.5296,114.7615
5.1839,9.1451,114.9360
5.2037,10.7827,115.1927
5.2234,11.3901,115.4115
5.2432,7.4550,115.7014
5.2629,7.4338,115.8484
5.2827,7.4127,115.9949
5.3024,7.3915,116.1411
5.3221,7.3703,116.2868
5.3419,7.3484,116.4321
5.3616,7.3396,116.5771
5.3814,7.3308,116.7219
5.4011,7.3219,116.8666
5.4209,6.7388,117.0109
5.4406,6.6084,117.1427
5.4604,6.5080,117.2722
5.4801,6.4075,117.3997
5.4998,6.3071,117.5252
5.5196,6.2067,117.6487
5.5393,6.1143,117.7703
5.5591,6.0501,117.8904
5.5788,5.9858,118.0092
5.5986,5.6573,118.1237
5.6183,5.6076,118.2349
5.6381,5.6006,118.3454
5.6578,5.1900,118.4493
5.6775,5.2172,118.5520
5.6973,5.2444,118.6553
5.7170,5.2716,118.7591
5.7368,5.2987,118.8634
5.7565,5.3259,118.9683
5.7763,5.3531,119.0737
5.7960,5.3803,119.1797
5.8157,5.4074,119.2862
5.8355,5.7476,119.4503
5.8552,5.7834,119.5642
5.8750,5.8192,119.6787
5.8947,5.8550,119.7940
5.9145,5.8907,119.9099
5.9342,5.9265,120.0266
5.9540,5.9623,120.1439
5.9737,5.9981,120.2620
5.9934,6.0339,120.3808
6.0132,8.5250,120.6376
6.0329,12.3087,121.0627
6.0527,11.9651,121.3023
6.0724,11.6216,121.5351
6.0922,6.8086,121.7368
6.1119,6.6969,121.8701
6.1316,7.9194,122.1189
6.1514,7.7077,122.2732
6.1711,7.4960,122.4233
6.1909,7.7100,122.6318
6.2106,7.5132,122.7821
6.2304,7.3183,122.9285
6.2501,7.1200,123.0710
6.2699,6.1375,123.2554
6.2896,6.3211,123.4324
6.3093,6.1741,123.5558
6.3291,6.0271,123.6762
6.3488,5.5665,123.8471
6.3686,5.4302,123.9557
6.3883,5.2939,124.0615
6.4081,4.4705,124.2169
6.4278,4.3686,124.3042
6.4476,4.2667,124.3894
6.4673,4.1648,124.4727
6.4870,2.6633,124.6417
6.5068,1.7382,124.7455
6.5265,1.7732,124.7802
6.5463,1.9867,124.8157
6.5660,2.0393,124.8554
6.5858,2.0919,124.8962
6.6055,2.1445,124.9380
6.6252,2.7584,125.0413
6.6450,2.8386,125.0966
6.6647,2.9188,125.1534
6.6845,2.9990,125.2118
6.7042,3.0793,125.2718
6.7240,3.3403,125.3355
6.7437,3.4439,125.4025
6.7635,3.5475,125.4715
6.7832,3.6511,125.5425
6.8029,3.7547,125.6157
6.8227,4.3564,125.7526
6.8424,4.4828,125.8398
6.8622,4.6093,125.9296
6.8819,5.2804,126.0837
6.9017,5.4326,126.1895
6.9214,5.5848,126.2982
6.9411,6.0714,126.4105
6.9609,6.7311,126.5893
6.9806,6.9262,126.7241
7.0004,7.1212,126.8628
7.0201,7.6019,127.1218
7.0399,7.6229,127.2708
7.0596,7.7896,127.4230
7.0794,9.0476,127.6384
7.0991,10.6596,127.9975
7.1188,11.1042,128.2123
7.1386,11.5487,128.4359
7.1583,11.9932,128.6683
7.1781,12.4378,128.9095
7.1978,12.8823,129.1595
7.2176,13.7999,129.4772
7.2373,14.2662,129.7542
7.2571,14.8480,130.0407
7.2768,16.0784,130.3458
7.2965,10.8461,130.6073
7.3163,11.6217,130.8291
7.3360,6.6020,131.0296
7.3558,6.7769,131.2732
7.3755,6.8569,131.4078
7.3953,6.9563,131.5441
7.4150,7.0609,131.6825
7.4347,7.2199,131.8240
7.4545,7.3178,131.9675
7.4742,7.4158,132.1129
7.4940,7.5137,132.2603
7.5137,8.4007,132.4662
7.5335,8.5594,132.6337
7.5532,8.7180,132.8042
7.5730,8.8767,132.9779
7.5927,9.0718,133.1550
7.6124,9.2757,133.3362
7.6322,9.9988,133.6350
7.6519,13.9323,133.9197
7.6717,14.4603,134.1999
7.6914,16.2309,134.5532
7.7112,10.3634,134.8380
7.7309,10.6469,135.0454
7.7506,10.9525,135.2586
7.7704,12.0483,135.5897
7.7901,12.2233,135.8293
7.8099,16.6232,136.2527
7.8296,17.1317,136.5860
7.8494,17.6402,136.9292
7.8691,18.1487,137.2825
7.8889,15.4812,137.6277
7.9086,15.9229,137.9377
7.9283,17.4243,138.3278
7.9481,18.2387,138.9025
7.9678,11.6619,139.1367
7.9876,11.5246,139.3664
8.0073,10.9333,139.7004
8.0271,13.6355,139.9188
8.0468,13.8996,140.1906
8.0666,16.6345,140.5332
8.0863,17.0213,140.8655
8.1060,17.0292,141.2041
8.1258,12.6474,141.6256
8.1455,12.5472,141.8743
8.1653,7.4292,142.0615
8.1850,7.2541,142.2065
8.2048,7.0790,142.3480
8.2245,6.9039,142.4860
8.2442,12.2404,142.7363
8.2640,12.8340,142.9838
8.2837,4.5243,143.1815
8.3035,4.3636,143.2693
8.3232,9.6708,143.6826
8.3430,7.5483,143.8526
8.3627,0.0000,144.0000
8.3825,0.0000,144.0000
8.4022,0.0000,144.0000
8.4219,0.0000,144.0000
8.4417,0.0000,144.0000
8.4614,0.0000,144.0000
8.4812,0.0000,144.0000
8.5009,0.0000,144.0000
8.5207,0.0000,144.0000
8.5404,0.0000,144.0000
8.5602,0.0000,144.0000
8.5799,0.0000,144.0000
8.5996,0.0000,144.0000
8.6194,0.0000,144.0000
8.6391,0.0000,144.0000
8.6589,0.0000,144.0000
8.6786,0.0000,144.0000
8.6984,0.0000,144.0000
8.7181,0.0000,144.0000
8.7378,0.0000,144.0000
8.7576,0.0000,144.0000
8.7773,0.0000,144.0000
8.7971,0.0000,144.0000
8.8168,0.0000,144.0000
8.8366,0.0000,144.0000
8.8563,0.0000,144.0000
8.8761,0.0000,144.0000
8.8958,0.0000,144.0000
8.9155,0.0000,144.0000
8.9353,0.0000,144.0000
8.9550,0.0000,144.0000
8.9748,0.0000,144.0000
8.9945,0.0000,144.0000
9.0143,0.0000,144.0000
9.0340,0.0000,144.0000
9.0537,0.0000,144.0000
9.0735,0.0000,144.0000
9.0932,0.0000,144.0000
9.1130,0.0000,144.0000
9.1327,0.0000,144.0000
9.1525,0.0000,144.0000
9.1722,0.0000,144.0000
9.1920,0.0000,144.0000
9.2117,0.0000,144.0000
9.2314,0.0000,144.0000
9.2512,0.0000,144.0000
9.2709,0.0000,144.0000
9.2907,0.0000,144.0000
9.3104,0.0000,144.0000
9.3302,0.0000,144.0000
9.3499,0.0000,144.0000
9.3697,0.0000,144.0000
9.3894,0.0000,144.0000
9.4091,0.0000,144.0000
9.4289,0.0000,144.0000
9.4486,0.0000,144.0000
9.4684,0.0000,144.0000
9.4881,0.0000,144.0000
9.5079,0.0000,144.0000
9.5276,0.0000,144.0000
9.5473,0.0000,144.0000
9.5671,0.0000,144.0000
9.5868,0.0000,144.0000
9.6066,0.0000,144.0000
9.6263,0.0000,144.0000
9.6461,0.0000,144.0000
9.6658,0.0000,144.0000
9.6856,0.0000,144.0000
9.7053,0.0000,144.0000
9.7250,0.0000,144.0000
9.7448,0.0000,144.0000
9.7645,0.0000,144.0000
9.7843,0.0000,144.0000
9.8040,0.0000,144.0000
9.8238,0.0000,144.0000
9.8435,0.0000,144.0000
9.8632,0.0000,144.0000
9.8830,0.0000,144.0000
9.9027,0.0000,144.0000
9.9225,0.0000,144.0000
9.9422,0.0000,144.0000
9.9620,0.0000,144.0000
9.9817,0.0000,144.0000
10.0015,0.0000,144.0000
10.0212,0.0000,144.0000
10.0409,0.0000,144.0000
10.0607,0.0000,144.0000
10.0804,0.0000,144.0000
10.1002,0.0000,144.0000
10.1199,0.0000,144.0000
10.1397,0.0000,144.0000
10.1594,0.0000,144.0000
10.1792,0.0000,144.0000
10.1989,0.0000,144.0000
10.2186,0.0000,144.0000
10.2384,0.0000,144.0000
10.2581,0.0000,144.0000
10.2779,0.0000,144.0000
10.2976,0.0000,144.0000
10.3174,0.0000,144.0000
10.3371,0.0000,144.0000
10.3568,0.0000,144.0000
10.3766,0.0000,144.0000
10.3963,0.0000,144.0000
10.4161,0.0000,144.0000
10.4358,0.0000,144.0000
10.4556,0.0000,144.0000
10.4753,0.0000,144.0000
10.4951,0.0000,144.0000
10.5148,0.0000,144.0000
10.5345,0.0000,144.0000
10.5543,0.0000,144.0000
10.5740,0.0000,144.0000
10.5938,0.0000,144.0000
10.6135,0.0000,144.0000
10.6333,0.0000,144.0000
10.6530,0.0000,144.0000
10.6727,0.0000,144.0000
10.6925,0.0000,144.0000
10.7122,0.0000,144.0000
10.7320,0.0000,144.0000
10.7517,0.0000,144.0000
10.7715,0.0000,144.0000
10.7912,0.0000,144.0000
10.8110,0.0000,144.0000
10.8307,0.0000,144.0000
10.8504,0.0000,144.0000
10.8702,0.0000,144.0000
10.8899,0.0000,144.0000
10.9097,0.0000,144.0000
10.9294,0.0000,144.0000
10.9492,0.0000,144.0000
10.9689,0.0000,144.0000
10.9887,0.0000,144.0000
11.0084,0.0000,144.0000
11.0281,0.0000,144.0000
11.0479,0.0000,144.0000

